{
    "HP": {
        "training_loop": "SLCWATrainingLoop",
        "embedding_dim": 150,
        "random_seed": 1996,
        "model_kwargs": {
            "scoring_fct_norm": 1
        },
        "loss": "PairwiseLogisticLoss",
        "loss_kwargs": {
            "reduction": "mean"
        },
        "regularizer": "LpRegularizer",
        "regularizer_kwargs": {
            "weight": 0.0001,
            "p": 3.0,
            "dim": -1,
            "normalize": false
        },
        "optimizer": "Adam",
        "optimizer_kwargs": {
            "lr": 5e-05
        },
        "num_epochs": 4000,
        "batch_size": 4096,
        "negative_sampler": "basic",
        "negative_sampler_kwargs": {
            "corruption_scheme": [
                "head",
                "tail"
            ],
            "num_negs_per_pos": 10
        },
        "model": "TransE"
    },
    "dataset": "FB15k",
    "model": "TransE",
    "results": {
        "head": {
            "optimistic": {
                "z_geometric_mean_rank": 243.3082704350739,
                "inverse_arithmetic_mean_rank": 0.019081099274949883,
                "adjusted_inverse_harmonic_mean_rank": 0.5261931808710468,
                "geometric_mean_rank": 4.1556476219992895,
                "arithmetic_mean_rank": 52.40788204025664,
                "count": 59071.0,
                "standard_deviation": 289.0678248300945,
                "adjusted_arithmetic_mean_rank_index": 0.9930206850570924,
                "median_absolute_deviation": 1.482602218505602,
                "adjusted_arithmetic_mean_rank": 0.007114112624417392,
                "z_inverse_harmonic_mean_rank": 12106.6216722284,
                "z_arithmetic_mean_rank": 417.6033339423176,
                "harmonic_mean_rank": 1.899259211800531,
                "inverse_harmonic_mean_rank": 0.5265210739991528,
                "variance": 83560.2073520022,
                "inverse_geometric_mean_rank": 0.2406363799245563,
                "adjusted_geometric_mean_rank_index": 0.9994172382505222,
                "median_rank": 2.0,
                "inverse_median_rank": 0.5,
                "hits_at_1": 0.39422051429635524,
                "hits_at_3": 0.6115014135531818,
                "hits_at_5": 0.6794535389615886,
                "hits_at_10": 0.758951092752789,
                "z_hits_at_k": 7067.775064988382,
                "adjusted_hits_at_k": 0.7587869753384755
            },
            "realistic": {
                "z_geometric_mean_rank": 243.30826989316122,
                "inverse_arithmetic_mean_rank": 0.019081078469753265,
                "adjusted_inverse_harmonic_mean_rank": 0.5261923585305849,
                "geometric_mean_rank": 4.1556596755981445,
                "arithmetic_mean_rank": 52.40793991088867,
                "count": 59071.0,
                "standard_deviation": 289.0682373046875,
                "adjusted_arithmetic_mean_rank_index": 0.9930206772003718,
                "median_absolute_deviation": 1.482602218505602,
                "adjusted_arithmetic_mean_rank": 0.0071141204800715015,
                "z_inverse_harmonic_mean_rank": 12106.602751867553,
                "z_arithmetic_mean_rank": 417.6033306382648,
                "harmonic_mean_rank": 1.8992621760869703,
                "inverse_harmonic_mean_rank": 0.5265202522277832,
                "variance": 83560.4375,
                "inverse_geometric_mean_rank": 0.2406356781721115,
                "adjusted_geometric_mean_rank_index": 0.9994172360245525,
                "median_rank": 2.0,
                "inverse_median_rank": 0.5,
                "hits_at_1": 0.39422051429635524,
                "hits_at_3": 0.6114844847725618,
                "hits_at_5": 0.6794535389615886,
                "hits_at_10": 0.758951092752789,
                "z_hits_at_k": 7067.775064988382,
                "adjusted_hits_at_k": 0.7587869753384755
            },
            "pessimistic": {
                "z_geometric_mean_rank": 243.30826948620336,
                "inverse_arithmetic_mean_rank": 0.01908105613004487,
                "adjusted_inverse_harmonic_mean_rank": 0.5261917683830462,
                "geometric_mean_rank": 4.155668727438353,
                "arithmetic_mean_rank": 52.40800054172098,
                "count": 59071.0,
                "standard_deviation": 289.068637550319,
                "adjusted_arithmetic_mean_rank_index": 0.9930206689689166,
                "median_absolute_deviation": 1.482602218505602,
                "adjusted_arithmetic_mean_rank": 0.0071141287104092435,
                "z_inverse_harmonic_mean_rank": 12106.589173787786,
                "z_arithmetic_mean_rank": 417.60332717662186,
                "harmonic_mean_rank": 1.8992643033944752,
                "inverse_harmonic_mean_rank": 0.52651966248865,
                "variance": 83560.6772151977,
                "inverse_geometric_mean_rank": 0.24063515780200853,
                "adjusted_geometric_mean_rank_index": 0.9994172343529253,
                "median_rank": 2.0,
                "inverse_median_rank": 0.5,
                "hits_at_1": 0.39422051429635524,
                "hits_at_3": 0.6114844847725618,
                "hits_at_5": 0.6794535389615886,
                "hits_at_10": 0.758951092752789,
                "z_hits_at_k": 7067.775064988382,
                "adjusted_hits_at_k": 0.7587869753384755
            }
        },
        "tail": {
            "optimistic": {
                "z_geometric_mean_rank": 243.34806950371618,
                "inverse_arithmetic_mean_rank": 0.0306438894825851,
                "adjusted_inverse_harmonic_mean_rank": 0.5746548211945648,
                "geometric_mean_rank": 3.2411165044996046,
                "arithmetic_mean_rank": 32.63293324981802,
                "count": 59071.0,
                "standard_deviation": 245.60078093290866,
                "adjusted_arithmetic_mean_rank_index": 0.9957287169850333,
                "median_absolute_deviation": 1.482602218505602,
                "adjusted_arithmetic_mean_rank": 0.004405714587514561,
                "z_inverse_harmonic_mean_rank": 13262.130737842781,
                "z_arithmetic_mean_rank": 418.86597529465126,
                "harmonic_mean_rank": 1.7392890451308711,
                "inverse_harmonic_mean_rank": 0.5749475642357973,
                "variance": 60319.74359485459,
                "inverse_geometric_mean_rank": 0.30853565387474086,
                "adjusted_geometric_mean_rank_index": 0.999588508269292,
                "median_rank": 2.0,
                "inverse_median_rank": 0.5,
                "hits_at_1": 0.44165495759340456,
                "hits_at_3": 0.6630834081021144,
                "hits_at_5": 0.7289871510555095,
                "hits_at_10": 0.8063008921467387,
                "z_hits_at_k": 7532.206305846082,
                "adjusted_hits_at_k": 0.8061698197505922
            },
            "realistic": {
                "z_geometric_mean_rank": 243.34806940694116,
                "inverse_arithmetic_mean_rank": 0.030643848702311516,
                "adjusted_inverse_harmonic_mean_rank": 0.5746547929309839,
                "geometric_mean_rank": 3.2411186695098877,
                "arithmetic_mean_rank": 32.63297653198242,
                "count": 59071.0,
                "standard_deviation": 245.6011199951172,
                "adjusted_arithmetic_mean_rank_index": 0.9957287111407959,
                "median_absolute_deviation": 1.482602218505602,
                "adjusted_arithmetic_mean_rank": 0.004405720430963008,
                "z_inverse_harmonic_mean_rank": 13262.130085563722,
                "z_arithmetic_mean_rank": 418.8659728361983,
                "harmonic_mean_rank": 1.7392891305729337,
                "inverse_harmonic_mean_rank": 0.5749475359916687,
                "variance": 60319.91015625,
                "inverse_geometric_mean_rank": 0.30853545665740967,