{
    "HP": {
        "training_loop": "SLCWATrainingLoop",
        "embedding_dim": 1000,
        "random_seed": 1996,
        "model_kwargs": {},
        "loss": "NSSALoss",
        "loss_kwargs": {
            "reduction": "mean",
            "margin": 24,
            "adversarial_temperature": 1.0
        },
        "regularizer": "LpRegularizer",
        "regularizer_kwargs": {
            "weight": 0.0001,
            "p": 2.0,
            "dim": -1,
            "normalize": false
        },
        "optimizer": "Adam",
        "optimizer_kwargs": {
            "lr": 0.0001
        },
        "num_epochs": 320,
        "batch_size": 1024,
        "negative_sampler": "basic",
        "negative_sampler_kwargs": {
            "corruption_scheme": [
                "head",
                "tail"
            ],
            "num_negs_per_pos": 256
        },
        "model": "RotatE"
    },
    "dataset": "FB15k",
    "model": "RotatE",
    "results": {
        "head": {
            "optimistic": {
                "z_geometric_mean_rank": 243.36257217765655,
                "inverse_arithmetic_mean_rank": 0.012681669297633761,
                "adjusted_inverse_harmonic_mean_rank": 0.6694536766740349,
                "geometric_mean_rank": 2.9478304659806156,
                "arithmetic_mean_rank": 78.85397233837247,
                "count": 59071.0,
                "standard_deviation": 553.6697667690319,
                "adjusted_arithmetic_mean_rank_index": 0.9894302707884286,
                "median_absolute_deviation": 0.0,
                "adjusted_arithmetic_mean_rank": 0.010704039511975827,
                "z_inverse_harmonic_mean_rank": 15402.750710600883,
                "z_arithmetic_mean_rank": 416.0934268564024,
                "harmonic_mean_rank": 1.4932450941078046,
                "inverse_harmonic_mean_rank": 0.6696824278518642,
                "inverse_geometric_mean_rank": 0.33923253441487966,
                "variance": 306550.2106340741,
                "adjusted_geometric_mean_rank_index": 0.9996402890227262,
                "median_rank": 1.0,
                "inverse_median_rank": 1.0,
                "hits_at_1": 0.5788119381760932,
                "hits_at_3": 0.7326606964500347,
                "hits_at_5": 0.7752365797091636,
                "hits_at_10": 0.8218076551945963,
                "z_hits_at_k": 7653.6555947295565,
                "adjusted_hits_at_k": 0.821686333479373
            },
            "realistic": {
                "z_geometric_mean_rank": 243.3625721038542,
                "inverse_arithmetic_mean_rank": 0.012681644409894943,
                "adjusted_inverse_harmonic_mean_rank": 0.6694536919746966,
                "geometric_mean_rank": 2.9478321075439453,
                "arithmetic_mean_rank": 78.8541259765625,
                "count": 59071.0,
                "standard_deviation": 553.6701049804688,
                "adjusted_arithmetic_mean_rank_index": 0.9894302499299674,
                "median_absolute_deviation": 0.0,
                "adjusted_arithmetic_mean_rank": 0.010704060367605643,
                "z_inverse_harmonic_mean_rank": 15402.751062637606,
                "z_arithmetic_mean_rank": 416.0934180846184,
                "harmonic_mean_rank": 1.4932450600142924,
                "inverse_harmonic_mean_rank": 0.6696824431419373,
                "inverse_geometric_mean_rank": 0.33923235535621643,
                "variance": 306550.5625,
                "adjusted_geometric_mean_rank_index": 0.9996402887195743,
                "median_rank": 1.0,
                "inverse_median_rank": 1.0,
                "hits_at_1": 0.5788119381760932,
                "hits_at_3": 0.7326606964500347,
                "hits_at_5": 0.7752365797091636,
                "hits_at_10": 0.8218076551945963,
                "z_hits_at_k": 7653.6555947295565,
                "adjusted_hits_at_k": 0.821686333479373
            },
            "pessimistic": {
                "z_geometric_mean_rank": 243.36257201606787,
                "inverse_arithmetic_mean_rank": 0.01268162029162295,
                "adjusted_inverse_harmonic_mean_rank": 0.6694536655461507,
                "geometric_mean_rank": 2.9478340601482595,
                "arithmetic_mean_rank": 78.85427705642363,
                "count": 59071.0,
                "standard_deviation": 553.670390193549,
                "adjusted_arithmetic_mean_rank_index": 0.9894302294188339,
                "median_absolute_deviation": 0.0,
                "adjusted_arithmetic_mean_rank": 0.010704080875954874,
                "z_inverse_harmonic_mean_rank": 15402.75045457118,
                "z_arithmetic_mean_rank": 416.09340945889903,
                "harmonic_mean_rank": 1.4932451189033773,
                "inverse_harmonic_mean_rank": 0.6696824167316809,
                "inverse_geometric_mean_rank": 0.33923212080319937,
                "variance": 306550.90097707685,
                "adjusted_geometric_mean_rank_index": 0.9996402883589818,
                "median_rank": 1.0,
                "inverse_median_rank": 1.0,
                "hits_at_1": 0.5788119381760932,
                "hits_at_3": 0.7326606964500347,
                "hits_at_5": 0.7752365797091636,
                "hits_at_10": 0.8218076551945963,
                "z_hits_at_k": 7653.6555947295565,
                "adjusted_hits_at_k": 0.821686333479373
            }
        },
        "tail": {
            "optimistic": {
                "z_geometric_mean_rank": 243.39248354079152,
                "inverse_arithmetic_mean_rank": 0.017919634514809914,
                "adjusted_inverse_harmonic_mean_rank": 0.7226958538198441,
                "geometric_mean_rank": 2.2475042893964505,
                "arithmetic_mean_rank": 55.80470958676847,
                "count": 59071.0,
                "standard_deviation": 537.3091404168024,
                "adjusted_arithmetic_mean_rank_index": 0.9925999140405518,
                "median_absolute_deviation": 0.0,
                "adjusted_arithmetic_mean_rank": 0.00753409511784573,
                "z_inverse_harmonic_mean_rank": 16678.68526210555,
                "z_arithmetic_mean_rank": 417.54980445967396,
                "harmonic_mean_rank": 1.3833426304340513,
                "inverse_harmonic_mean_rank": 0.7228867078911825,
                "inverse_geometric_mean_rank": 0.4449379717395521,
                "variance": 288701.11237544304,
                "adjusted_geometric_mean_rank_index": 0.9997709455541116,
                "median_rank": 1.0,
                "inverse_median_rank": 1.0,
                "hits_at_1": 0.6307155795568046,
                "hits_at_3": 0.7919791437422763,
                "hits_at_5": 0.8325912884494929,
                "hits_at_10": 0.8726786409574918,
                "z_hits_at_k": 8152.806589343159,
                "adjusted_hits_at_k": 0.8725924850851428
            },
            "realistic": {
                "z_geometric_mean_rank": 243.39248352193928,
                "inverse_arithmetic_mean_rank": 0.017919626086950302,
                "adjusted_inverse_harmonic_mean_rank": 0.7226958274672262,
                "geometric_mean_rank": 2.247504711151123,
                "arithmetic_mean_rank": 55.80473327636719,
                "count": 59071.0,
                "standard_deviation": 537.309326171875,
                "adjusted_arithmetic_mean_rank_index": 0.9925999108418291,
                "median_absolute_deviation": 0.0,
                "adjusted_arithmetic_mean_rank": 0.007534098316136544,
                "z_inverse_harmonic_mean_rank": 16678.684653928514,
                "z_arithmetic_mean_rank": 417.54980311409054,
                "harmonic_mean_rank": 1.3833426808286855,
                "inverse_harmonic_mean_rank": 0.7228866815567017,
                "inverse_geometric_mean_rank": 0.44493788480758667,
                "variance": 288701.34375,
                "adjusted_geometric_mean_rank_index": 0.9997709454766732,