{
    "HP": {
        "training_loop": "SLCWATrainingLoop",
        "embedding_dim": 400,
        "random_seed": 1996,
        "model_kwargs": {
            "scoring_fct_norm": 1
        },
        "loss": "PairwiseLogisticLoss",
        "loss_kwargs": {
            "reduction": "mean"
        },
        "regularizer": "LpRegularizer",
        "regularizer_kwargs": {
            "weight": 0.0001,
            "p": 2.0,
            "dim": -1,
            "normalize": false
        },
        "optimizer": "Adam",
        "optimizer_kwargs": {
            "lr": 0.0001
        },
        "num_epochs": 4000,
        "batch_size": 4096,
        "negative_sampler": "basic",
        "negative_sampler_kwargs": {
            "corruption_scheme": [
                "head",
                "tail"
            ],
            "num_negs_per_pos": 30
        },
        "model": "TransE"
    },
    "dataset": "FB15k237",
    "model": "TransE",
    "results": {
        "head": {
            "optimistic": {
                "z_geometric_mean_rank": 142.4130294085985,
                "inverse_arithmetic_mean_rank": 0.003618109098080356,
                "adjusted_inverse_harmonic_mean_rank": 0.18971220225064278,
                "geometric_mean_rank": 29.900629677179246,
                "arithmetic_mean_rank": 276.3874645268617,
                "count": 20438.0,
                "standard_deviation": 805.5408827864155,
                "adjusted_arithmetic_mean_rank_index": 0.9608582117316543,
                "median_absolute_deviation": 37.065055462640046,
                "adjusted_arithmetic_mean_rank": 0.0392783390147775,
                "z_inverse_harmonic_mean_rank": 2505.3003236921104,
                "z_arithmetic_mean_rank": 237.36677097593406,
                "harmonic_mean_rank": 5.254909159837029,
                "inverse_harmonic_mean_rank": 0.19029824675999024,
                "inverse_geometric_mean_rank": 0.03344411173933303,
                "variance": 648896.1138403176,
                "adjusted_geometric_mean_rank_index": 0.9944040166611419,
                "median_rank": 26.0,
                "inverse_median_rank": 0.038461538461538464,
                "hits_at_1": 0.10040121342597123,
                "hits_at_3": 0.21293668656424308,
                "hits_at_5": 0.28084939817986104,
                "hits_at_10": 0.3752324102162638,
                "z_hits_at_k": 2003.541585237404,
                "adjusted_hits_at_k": 0.3747855948100023
            },
            "realistic": {
                "z_geometric_mean_rank": 142.41302852701264,
                "inverse_arithmetic_mean_rank": 0.0036181036848574877,
                "adjusted_inverse_harmonic_mean_rank": 0.18971218493407613,
                "geometric_mean_rank": 29.90066146850586,
                "arithmetic_mean_rank": 276.38787841796875,
                "count": 20438.0,
                "standard_deviation": 805.5421142578125,
                "adjusted_arithmetic_mean_rank_index": 0.9608581529038566,
                "median_absolute_deviation": 37.065055462640046,
                "adjusted_arithmetic_mean_rank": 0.03927839783421508,
                "z_inverse_harmonic_mean_rank": 2505.3000950130927,
                "z_arithmetic_mean_rank": 237.36675644333786,
                "harmonic_mean_rank": 5.254909637672115,
                "inverse_harmonic_mean_rank": 0.19029822945594788,
                "inverse_geometric_mean_rank": 0.03344407677650452,
                "variance": 648898.125,
                "adjusted_geometric_mean_rank_index": 0.9944040105054375,
                "median_rank": 26.0,
                "inverse_median_rank": 0.03846153989434242,
                "hits_at_1": 0.10040121342597123,
                "hits_at_3": 0.21293668656424308,
                "hits_at_5": 0.28084939817986104,
                "hits_at_10": 0.3752324102162638,
                "z_hits_at_k": 2003.541585237404,
                "adjusted_hits_at_k": 0.3747855948100023
            },
            "pessimistic": {
                "z_geometric_mean_rank": 142.41302746279115,
                "inverse_arithmetic_mean_rank": 0.003618098209468024,
                "adjusted_inverse_harmonic_mean_rank": 0.1897121801889338,
                "geometric_mean_rank": 29.90069984595089,
                "arithmetic_mean_rank": 276.38829631079363,
                "count": 20438.0,
                "standard_deviation": 805.543397286851,
                "adjusted_arithmetic_mean_rank_index": 0.9608580935072805,
                "median_absolute_deviation": 37.065055462640046,
                "adjusted_arithmetic_mean_rank": 0.03927845722235005,
                "z_inverse_harmonic_mean_rank": 2505.300032349719,
                "z_arithmetic_mean_rank": 237.36674177023284,
                "harmonic_mean_rank": 5.254909768610066,
                "inverse_harmonic_mean_rank": 0.1902982247142375,
                "inverse_geometric_mean_rank": 0.033444033255141975,
                "variance": 648900.1649124415,
                "adjusted_geometric_mean_rank_index": 0.9944040030744733,
                "median_rank": 26.0,
                "inverse_median_rank": 0.038461538461538464,
                "hits_at_1": 0.10040121342597123,
                "hits_at_3": 0.21293668656424308,
                "hits_at_5": 0.28084939817986104,
                "hits_at_10": 0.3752324102162638,
                "z_hits_at_k": 2003.541585237404,
                "adjusted_hits_at_k": 0.3747855948100023
            }
        },
        "tail": {
            "optimistic": {
                "z_geometric_mean_rank": 142.96104009487505,
                "inverse_arithmetic_mean_rank": 0.008167026439938909,
                "adjusted_inverse_harmonic_mean_rank": 0.340687429777594,
                "geometric_mean_rank": 10.184847376627992,
                "arithmetic_mean_rank": 122.44358547803112,
                "count": 20438.0,
                "standard_deviation": 454.3482034434705,
                "adjusted_arithmetic_mean_rank_index": 0.9832114143340625,
                "median_absolute_deviation": 7.41301109252801,
                "adjusted_arithmetic_mean_rank": 0.016924487841313937,
                "z_inverse_harmonic_mean_rank": 4574.568701070928,
                "z_arithmetic_mean_rank": 243.43797104783621,
                "harmonic_mean_rank": 2.9312594157888694,
                "inverse_harmonic_mean_rank": 0.3411502900813291,
                "inverse_geometric_mean_rank": 0.09818507465264352,
                "variance": 206432.28997230923,
                "adjusted_geometric_mean_rank_index": 0.9982747415971591,
                "median_rank": 6.0,
                "inverse_median_rank": 0.16666666666666666,
                "hits_at_1": 0.2181720324885018,
                "hits_at_3": 0.3991095019082102,
                "hits_at_5": 0.4829239651629318,
                "hits_at_10": 0.5904198062432723,
                "z_hits_at_k": 3207.9168418846016,
                "adjusted_hits_at_k": 0.5901365130605839
            },
            "realistic": {
                "z_geometric_mean_rank": 142.9610399543645,
                "inverse_arithmetic_mean_rank": 0.008167016319930553,
                "adjusted_inverse_harmonic_mean_rank": 0.34068742350533815,
                "geometric_mean_rank": 10.184852600097656,
                "arithmetic_mean_rank": 122.44373321533203,
                "count": 20438.0,
                "standard_deviation": 454.3484802246094,
                "adjusted_arithmetic_mean_rank_index": 0.983211393910585,
                "median_absolute_deviation": 7.41301109252801,
                "adjusted_arithmetic_mean_rank": 0.016924508261968424,
                "z_inverse_harmonic_mean_rank": 4574.568616850429,
                "z_arithmetic_mean_rank": 243.4379659910907,
                "harmonic_mean_rank": 2.9312594696440253,
                "inverse_harmonic_mean_rank": 0.34115028381347656,