{
    "HP": {
        "training_loop": "SLCWATrainingLoop",
        "embedding_dim": 1000,
        "random_seed": 1996,
        "model_kwargs": {},
        "loss": "NSSALoss",
        "loss_kwargs": {
            "reduction": "mean",
            "margin": 9,
            "adversarial_temperature": 1.0
        },
        "regularizer": "LpRegularizer",
        "regularizer_kwargs": {
            "weight": 0.0001,
            "p": 2.0,
            "dim": -1,
            "normalize": false
        },
        "optimizer": "Adam",
        "optimizer_kwargs": {
            "lr": 5e-05
        },
        "num_epochs": 400,
        "batch_size": 1024,
        "negative_sampler": "basic",
        "negative_sampler_kwargs": {
            "corruption_scheme": [
                "head",
                "tail"
            ],
            "num_negs_per_pos": 256
        },
        "model": "RotatE"
    },
    "dataset": "FB15k237",
    "model": "RotatE",
    "results": {
        "head": {
            "optimistic": {
                "z_geometric_mean_rank": 142.49819118145868,
                "inverse_arithmetic_mean_rank": 0.0033686543727319313,
                "adjusted_inverse_harmonic_mean_rank": 0.22286389975414356,
                "geometric_mean_rank": 26.829566638325183,
                "arithmetic_mean_rank": 296.85443781191896,
                "count": 20438.0,
                "standard_deviation": 939.0368659627643,
                "adjusted_arithmetic_mean_rank_index": 0.9579491688810875,
                "median_absolute_deviation": 32.61724880712324,
                "adjusted_arithmetic_mean_rank": 0.042186968451619206,
                "z_inverse_harmonic_mean_rank": 2943.0948224177823,
                "z_arithmetic_mean_rank": 236.64813205539528,
                "harmonic_mean_rank": 4.475755494310019,
                "inverse_harmonic_mean_rank": 0.2234259671403609,
                "variance": 881790.2356371705,
                "inverse_geometric_mean_rank": 0.03727231279880353,
                "adjusted_geometric_mean_rank_index": 0.9949986617533068,
                "median_rank": 23.0,
                "inverse_median_rank": 0.043478260869565216,
                "hits_at_1": 0.1364125648302182,
                "hits_at_3": 0.2500733926998728,
                "hits_at_5": 0.31387611312261476,
                "hits_at_10": 0.3966630785791173,
                "z_hits_at_k": 2118.188314747112,
                "adjusted_hits_at_k": 0.3962315897566088
            },
            "realistic": {
                "z_geometric_mean_rank": 142.49818953302434,
                "inverse_arithmetic_mean_rank": 0.0033686505630612373,
                "adjusted_inverse_harmonic_mean_rank": 0.22286385736110637,
                "geometric_mean_rank": 26.829626083374023,
                "arithmetic_mean_rank": 296.8547668457031,
                "count": 20438.0,
                "standard_deviation": 939.0374145507812,
                "adjusted_arithmetic_mean_rank_index": 0.9579491221143592,
                "median_absolute_deviation": 32.61724880712324,
                "adjusted_arithmetic_mean_rank": 0.04218701521170127,
                "z_inverse_harmonic_mean_rank": 2943.094262584052,
                "z_arithmetic_mean_rank": 236.64812050231998,
                "harmonic_mean_rank": 4.475756342929706,
                "inverse_harmonic_mean_rank": 0.22342592477798465,
                "variance": 881791.25,
                "inverse_geometric_mean_rank": 0.03727222979068756,
                "adjusted_geometric_mean_rank_index": 0.9949986502430558,
                "median_rank": 23.0,
                "inverse_median_rank": 0.043478261679410934,
                "hits_at_1": 0.1364125648302182,
                "hits_at_3": 0.2500733926998728,
                "hits_at_5": 0.31387611312261476,
                "hits_at_10": 0.3966630785791173,
                "z_hits_at_k": 2118.188314747112,
                "adjusted_hits_at_k": 0.3962315897566088
            },
            "pessimistic": {
                "z_geometric_mean_rank": 142.4981878550239,
                "inverse_arithmetic_mean_rank": 0.003368647154730973,
                "adjusted_inverse_harmonic_mean_rank": 0.2228637890595318,
                "geometric_mean_rank": 26.829686594622473,
                "arithmetic_mean_rank": 296.85507388198454,
                "count": 20438.0,
                "standard_deviation": 939.0378750989656,
                "adjusted_arithmetic_mean_rank_index": 0.9579490784742134,
                "median_absolute_deviation": 32.61724880712324,
                "adjusted_arithmetic_mean_rank": 0.042187058845645276,
                "z_inverse_harmonic_mean_rank": 2943.0933606075064,
                "z_arithmetic_mean_rank": 236.64810972162374,
                "harmonic_mean_rank": 4.475757710184643,
                "inverse_harmonic_mean_rank": 0.22342585652580954,
                "variance": 881792.1308703807,
                "inverse_geometric_mean_rank": 0.03727214615322536,
                "adjusted_geometric_mean_rank_index": 0.9949986385263582,
                "median_rank": 23.0,
                "inverse_median_rank": 0.043478260869565216,
                "hits_at_1": 0.1364125648302182,
                "hits_at_3": 0.2500733926998728,
                "hits_at_5": 0.31387611312261476,
                "hits_at_10": 0.3966630785791173,
                "z_hits_at_k": 2118.188314747112,
                "adjusted_hits_at_k": 0.3962315897566088
            }
        },
        "tail": {
            "optimistic": {
                "z_geometric_mean_rank": 142.99601397413588,
                "inverse_arithmetic_mean_rank": 0.005432325446210596,
                "adjusted_inverse_harmonic_mean_rank": 0.4192054540910694,
                "geometric_mean_rank": 8.8846958126705,
                "arithmetic_mean_rank": 184.08322732165573,
                "count": 20438.0,
                "standard_deviation": 866.8711687574653,
                "adjusted_arithmetic_mean_rank_index": 0.9746902363448255,
                "median_absolute_deviation": 4.447806655516806,
                "adjusted_arithmetic_mean_rank": 0.02544448800998382,
                "z_inverse_harmonic_mean_rank": 5628.866761697447,
                "z_arithmetic_mean_rank": 241.32817222899084,
                "harmonic_mean_rank": 2.383147191329175,
                "inverse_harmonic_mean_rank": 0.41961319201700703,
                "variance": 751465.6232229338,
                "inverse_geometric_mean_rank": 0.1125530936662903,
                "adjusted_geometric_mean_rank_index": 0.9985189587647075,
                "median_rank": 4.0,
                "inverse_median_rank": 0.25,
                "hits_at_1": 0.31960074371269204,
                "hits_at_3": 0.4678050689891379,
                "hits_at_5": 0.5364027791369018,
                "hits_at_10": 0.6169879635972209,
                "z_hits_at_k": 3352.4382996514996,
                "adjusted_hits_at_k": 0.6167230467373374
            },
            "realistic": {
                "z_geometric_mean_rank": 142.9960139176071,
                "inverse_arithmetic_mean_rank": 0.00543231749907136,
                "adjusted_inverse_harmonic_mean_rank": 0.4192054744353754,
                "geometric_mean_rank": 8.884697914123535,
                "arithmetic_mean_rank": 184.08349609375,
                "count": 20438.0,
                "standard_deviation": 866.871826171875,
                "adjusted_arithmetic_mean_rank_index": 0.9746901991892746,
                "median_absolute_deviation": 4.447806655516806,
                "adjusted_arithmetic_mean_rank": 0.025444525160399044,
                "z_inverse_harmonic_mean_rank": 5628.867034869913,
                "z_arithmetic_mean_rank": 241.328163029472,
                "harmonic_mean_rank": 2.383147075867037,
                "inverse_harmonic_mean_rank": 0.41961321234703064,
                "variance": 751466.75,