{
    "HP": {
        "training_loop": "SLCWATrainingLoop",
        "embedding_dim": 350,
        "random_seed": 1996,
        "model_kwargs": {
            "scoring_fct_norm": 1
        },
        "loss": "PairwiseLogisticLoss",
        "loss_kwargs": {
            "reduction": "mean"
        },
        "regularizer": "LpRegularizer",
        "regularizer_kwargs": {
            "weight": 0.0001,
            "p": 2.0,
            "dim": -1,
            "normalize": false
        },
        "optimizer": "Adam",
        "optimizer_kwargs": {
            "lr": 0.0001
        },
        "num_epochs": 4000,
        "batch_size": 512,
        "negative_sampler": "basic",
        "negative_sampler_kwargs": {
            "corruption_scheme": [
                "head",
                "tail"
            ],
            "num_negs_per_pos": 30
        },
        "model": "TransE"
    },
    "dataset": "WN18RR",
    "model": "TransE",
    "results": {
        "head": {
            "optimistic": {
                "z_geometric_mean_rank": 53.93305793189974,
                "inverse_arithmetic_mean_rank": 0.000311650495267421,
                "adjusted_inverse_harmonic_mean_rank": 0.16235588188279385,
                "geometric_mean_rank": 54.65803981379573,
                "arithmetic_mean_rank": 3208.722640218878,
                "count": 2924.0,
                "standard_deviation": 7849.036923810964,
                "adjusted_arithmetic_mean_rank_index": 0.8417272089499281,
                "median_absolute_deviation": 22.239033277584028,
                "adjusted_arithmetic_mean_rank": 0.1583143208070285,
                "z_inverse_harmonic_mean_rank": 1379.0776678733102,
                "z_arithmetic_mean_rank": 78.83321709459946,
                "harmonic_mean_rank": 6.150550925590324,
                "inverse_harmonic_mean_rank": 0.16258706124021255,
                "inverse_geometric_mean_rank": 0.01829557011935871,
                "variance": 61607380.63134789,
                "adjusted_geometric_mean_rank_index": 0.9964026139261611,
                "median_rank": 17.0,
                "inverse_median_rank": 0.058823529411764705,
                "hits_at_1": 0.0006839945280437756,
                "hits_at_3": 0.27462380300957595,
                "hits_at_5": 0.3874829001367989,
                "hits_at_10": 0.46511627906976744,
                "z_hits_at_k": 1600.6202155971732,
                "adjusted_hits_at_k": 0.46498429038097105
            },
            "realistic": {
                "z_geometric_mean_rank": 53.933057851456915,
                "inverse_arithmetic_mean_rank": 0.0003116501320619136,
                "adjusted_inverse_harmonic_mean_rank": 0.16235588216705094,
                "geometric_mean_rank": 54.65806198120117,
                "arithmetic_mean_rank": 3208.726318359375,
                "count": 2924.0,
                "standard_deviation": 7849.04296875,
                "adjusted_arithmetic_mean_rank_index": 0.8417270274661692,
                "median_absolute_deviation": 22.239033277584028,
                "adjusted_arithmetic_mean_rank": 0.15831450228183325,
                "z_inverse_harmonic_mean_rank": 1379.0776702878368,
                "z_arithmetic_mean_rank": 78.83320009746735,
                "harmonic_mean_rank": 6.150550914840053,
                "inverse_harmonic_mean_rank": 0.16258706152439117,
                "inverse_geometric_mean_rank": 0.018295561894774437,
                "variance": 61607472.0,
                "adjusted_geometric_mean_rank_index": 0.9964026124399958,
                "median_rank": 17.0,
                "inverse_median_rank": 0.05882352963089943,
                "hits_at_1": 0.0006839945280437756,
                "hits_at_3": 0.27462380300957595,
                "hits_at_5": 0.3874829001367989,
                "hits_at_10": 0.46511627906976744,
                "z_hits_at_k": 1600.6202155971732,
                "adjusted_hits_at_k": 0.46498429038097105
            },
            "pessimistic": {
                "z_geometric_mean_rank": 53.933057763840786,
                "inverse_arithmetic_mean_rank": 0.00031164976449872187,
                "adjusted_inverse_harmonic_mean_rank": 0.16235588170599832,
                "geometric_mean_rank": 54.65808612533543,
                "arithmetic_mean_rank": 3208.730164158687,
                "count": 2924.0,
                "standard_deviation": 7849.04812181953,
                "adjusted_arithmetic_mean_rank_index": 0.8417268377099281,
                "median_absolute_deviation": 22.239033277584028,
                "adjusted_arithmetic_mean_rank": 0.15831469202871207,
                "z_inverse_harmonic_mean_rank": 1379.0776663715799,
                "z_arithmetic_mean_rank": 78.8331823255636,
                "harmonic_mean_rank": 6.150550932276525,
                "inverse_harmonic_mean_rank": 0.16258706106346582,
                "inverse_geometric_mean_rank": 0.018295554617608067,
                "variance": 61607556.4186387,
                "adjusted_geometric_mean_rank_index": 0.9964026108213051,
                "median_rank": 17.0,
                "inverse_median_rank": 0.058823529411764705,
                "hits_at_1": 0.0006839945280437756,
                "hits_at_3": 0.27462380300957595,
                "hits_at_5": 0.3874829001367989,
                "hits_at_10": 0.46511627906976744,
                "z_hits_at_k": 1600.6202155971732,
                "adjusted_hits_at_k": 0.46498429038097105
            }
        },
        "tail": {
            "optimistic": {
                "z_geometric_mean_rank": 54.01405852933693,
                "inverse_arithmetic_mean_rank": 0.0005609750529175595,
                "adjusted_inverse_harmonic_mean_rank": 0.1700083916848549,
                "geometric_mean_rank": 32.346910146421095,
                "arithmetic_mean_rank": 1782.610465116279,
                "count": 2924.0,
                "standard_deviation": 5566.502720074705,
                "adjusted_arithmetic_mean_rank_index": 0.9121322515093783,
                "median_absolute_deviation": 11.860817748044816,
                "adjusted_arithmetic_mean_rank": 0.08791273197957007,
                "z_inverse_harmonic_mean_rank": 1444.4011557957224,
                "z_arithmetic_mean_rank": 85.42720902940816,
                "harmonic_mean_rank": 5.874151035742818,
                "inverse_harmonic_mean_rank": 0.1702373660321699,
                "inverse_geometric_mean_rank": 0.030914853860025987,
                "variance": 30985952.5325991,
                "adjusted_geometric_mean_rank_index": 0.997899349625747,
                "median_rank": 10.0,
                "inverse_median_rank": 0.1,
                "hits_at_1": 0.0006839945280437756,
                "hits_at_3": 0.27359781121751026,
                "hits_at_5": 0.39398084815321477,
                "hits_at_10": 0.5140218878248974,
                "z_hits_at_k": 1769.4049549982774,
                "adjusted_hits_at_k": 0.5139020206553266
            },
            "realistic": {
                "z_geometric_mean_rank": 54.01405854889434,
                "inverse_arithmetic_mean_rank": 0.0005609745276160538,
                "adjusted_inverse_harmonic_mean_rank": 0.17000840294174782,
                "geometric_mean_rank": 32.34690475463867,
                "arithmetic_mean_rank": 1782.6121826171875,
                "count": 2924.0,
                "standard_deviation": 5566.50732421875,
                "adjusted_arithmetic_mean_rank_index": 0.9121321668034671,
                "median_absolute_deviation": 11.860817748044816,
                "adjusted_arithmetic_mean_rank": 0.08791281668130385,
                "z_inverse_harmonic_mean_rank": 1444.4012514349374,
                "z_arithmetic_mean_rank": 85.42720109614018,
                "harmonic_mean_rank": 5.874150647423589,
                "inverse_harmonic_mean_rank": 0.17023737728595734,