{
    "HP": {
        "training_loop": "SLCWATrainingLoop",
        "embedding_dim": 500,
        "random_seed": 1996,
        "model_kwargs": {},
        "loss": "NSSALoss",
        "loss_kwargs": {
            "reduction": "mean",
            "margin": 6,
            "adversarial_temperature": 0.5
        },
        "regularizer": "LpRegularizer",
        "regularizer_kwargs": {
            "weight": 0.0001,
            "p": 2.0,
            "dim": -1,
            "normalize": false
        },
        "optimizer": "Adam",
        "optimizer_kwargs": {
            "lr": 5e-05
        },
        "num_epochs": 500,
        "batch_size": 512,
        "negative_sampler": "basic",
        "negative_sampler_kwargs": {
            "corruption_scheme": [
                "head",
                "tail"
            ],
            "num_negs_per_pos": 1024
        },
        "model": "RotatE"
    },
    "dataset": "WN18RR",
    "model": "RotatE",
    "results": {
        "head": {
            "optimistic": {
                "inverse_harmonic_mean_rank": 0.4361693099245244,
                "adjusted_arithmetic_mean_rank": 0.4432501305455889,
                "inverse_geometric_mean_rank": 0.009984205317982928,
                "variance": 190612608.29788336,
                "arithmetic_mean_rank": 8983.816005471956,
                "median_rank": 41.0,
                "inverse_median_rank": 0.024390243902439025,
                "z_arithmetic_mean_rank": 52.14581216134348,
                "adjusted_geometric_mean_rank_index": 0.9933521552947899,
                "z_geometric_mean_rank": 53.76794338905812,
                "adjusted_inverse_harmonic_mean_rank": 0.43601365670901804,
                "count": 2924.0,
                "standard_deviation": 13806.25250739256,
                "inverse_arithmetic_mean_rank": 0.00011131127344893413,
                "geometric_mean_rank": 100.15819668680716,
                "adjusted_arithmetic_mean_rank_index": 0.5567773401448786,
                "median_absolute_deviation": 59.30408874022408,
                "z_inverse_harmonic_mean_rank": 3703.5719918621003,
                "harmonic_mean_rank": 2.2926876725302887,
                "hits_at_1": 0.4182626538987688,
                "hits_at_3": 0.4425444596443228,
                "hits_at_5": 0.4582763337893297,
                "hits_at_10": 0.46990424076607384,
                "z_hits_at_k": 1617.1059325322335,
                "adjusted_hits_at_k": 0.46977343356170403
            },
            "realistic": {
                "inverse_harmonic_mean_rank": 0.4361693263053894,
                "adjusted_arithmetic_mean_rank": 0.4432502948665508,
                "inverse_geometric_mean_rank": 0.009984198957681656,
                "variance": 190612672.0,
                "arithmetic_mean_rank": 8983.8193359375,
                "median_rank": 41.0,
                "inverse_median_rank": 0.024390242993831635,
                "z_arithmetic_mean_rank": 52.145796770859384,
                "adjusted_geometric_mean_rank_index": 0.9933521512826827,
                "z_geometric_mean_rank": 53.76794317189168,
                "adjusted_inverse_harmonic_mean_rank": 0.4360136730944052,
                "count": 2924.0,
                "standard_deviation": 13806.2548828125,
                "inverse_arithmetic_mean_rank": 0.00011131123028462753,
                "geometric_mean_rank": 100.15825653076172,
                "adjusted_arithmetic_mean_rank_index": 0.5567771758158089,
                "median_absolute_deviation": 59.30408874022408,
                "z_inverse_harmonic_mean_rank": 3703.5721310422846,
                "harmonic_mean_rank": 2.2926875864256386,
                "hits_at_1": 0.4182626538987688,
                "hits_at_3": 0.4425444596443228,
                "hits_at_5": 0.4582763337893297,
                "hits_at_10": 0.46990424076607384,
                "z_hits_at_k": 1617.1059325322335,
                "adjusted_hits_at_k": 0.46977343356170403
            },
            "pessimistic": {
                "inverse_harmonic_mean_rank": 0.4361693095363464,
                "adjusted_arithmetic_mean_rank": 0.44325051864098547,
                "inverse_geometric_mean_rank": 0.009984195110184767,
                "variance": 190612755.4221251,
                "arithmetic_mean_rank": 8983.82387140903,
                "median_rank": 41.0,
                "inverse_median_rank": 0.024390243902439025,
                "z_arithmetic_mean_rank": 52.14577581189688,
                "adjusted_geometric_mean_rank_index": 0.9933521484295178,
                "z_geometric_mean_rank": 53.767943017456204,
                "adjusted_inverse_harmonic_mean_rank": 0.43601365632073286,
                "count": 2924.0,
                "standard_deviation": 13806.25783556591,
                "inverse_arithmetic_mean_rank": 0.0001113111759884891,
                "geometric_mean_rank": 100.15829908811688,
                "adjusted_arithmetic_mean_rank_index": 0.556776952030333,
                "median_absolute_deviation": 59.30408874022408,
                "z_inverse_harmonic_mean_rank": 3703.5719885639423,
                "harmonic_mean_rank": 2.292687674570714,
                "hits_at_1": 0.4182626538987688,
                "hits_at_3": 0.4425444596443228,
                "hits_at_5": 0.4582763337893297,
                "hits_at_10": 0.46990424076607384,
                "z_hits_at_k": 1617.1059325322335,
                "adjusted_hits_at_k": 0.46977343356170403
            }
        },
        "tail": {
            "optimistic": {
                "inverse_harmonic_mean_rank": 0.48756399293164787,
                "adjusted_arithmetic_mean_rank": 0.19583012544712158,
                "inverse_geometric_mean_rank": 0.029972658376449402,
                "variance": 82212297.1277947,
                "arithmetic_mean_rank": 3970.856361149111,
                "median_rank": 4.0,
                "inverse_median_rank": 0.25,
                "z_arithmetic_mean_rank": 75.31953397143891,
                "adjusted_geometric_mean_rank_index": 0.9978312087684358,
                "z_geometric_mean_rank": 54.01037021722767,
                "adjusted_inverse_harmonic_mean_rank": 0.4874225853827226,
                "count": 2924.0,
                "standard_deviation": 9067.09970871583,
                "inverse_arithmetic_mean_rank": 0.0002518348459501098,
                "geometric_mean_rank": 33.36374062788291,
                "adjusted_arithmetic_mean_rank_index": 0.8042095356334931,
                "median_absolute_deviation": 4.447806655516806,
                "z_inverse_harmonic_mean_rank": 4141.170554644227,
                "harmonic_mean_rank": 2.0510128198498676,
                "hits_at_1": 0.463406292749658,
                "hits_at_3": 0.49897400820793436,
                "hits_at_5": 0.509233926128591,
                "hits_at_10": 0.530437756497948,
                "z_hits_at_k": 1825.9400191108064,
                "adjusted_hits_at_k": 0.5303219383249567
            },
            "realistic": {
                "inverse_harmonic_mean_rank": 0.4875640273094177,
                "adjusted_arithmetic_mean_rank": 0.19583026204050577,
                "inverse_geometric_mean_rank": 0.02997264266014099,
                "variance": 82212368.0,
                "arithmetic_mean_rank": 3970.859130859375,
                "median_rank": 4.0,
                "inverse_median_rank": 0.25,
                "z_arithmetic_mean_rank": 75.3195211779355,
                "adjusted_geometric_mean_rank_index": 0.9978312075984375,
                "z_geometric_mean_rank": 54.01037015389827,
                "adjusted_inverse_harmonic_mean_rank": 0.4874226197699791,
                "count": 2924.0,
                "standard_deviation": 9067.103515625,
                "inverse_arithmetic_mean_rank": 0.0002518346591386944,
                "geometric_mean_rank": 33.3637580871582,