{
    "HP": {
        "training_loop": "SLCWATrainingLoop",
        "embedding_dim": 500,
        "random_seed": 1996,
        "model_kwargs": {},
        "loss": "NSSALoss",
        "loss_kwargs": {
            "reduction": "mean",
            "margin": 24,
            "adversarial_temperature": 1.0
        },
        "regularizer": "LpRegularizer",
        "regularizer_kwargs": {
            "weight": 0.0001,
            "p": 2.0,
            "dim": -1,
            "normalize": false
        },
        "optimizer": "Adam",
        "optimizer_kwargs": {
            "lr": 0.0002
        },
        "num_epochs": 100,
        "batch_size": 1024,
        "negative_sampler": "basic",
        "negative_sampler_kwargs": {
            "corruption_scheme": [
                "head",
                "tail"
            ],
            "num_negs_per_pos": 400
        },
        "model": "RotatE"
    },
    "dataset": "YAGO310",
    "model": "RotatE",
    "results": {
        "head": {
            "optimistic": {
                "inverse_arithmetic_mean_rank": 0.0001797746256956614,
                "adjusted_inverse_harmonic_mean_rank": 0.239108986266717,
                "geometric_mean_rank": 55.6699855646598,
                "arithmetic_mean_rank": 5562.520272982738,
                "count": 4982.0,
                "standard_deviation": 17318.440925957268,
                "adjusted_arithmetic_mean_rank_index": 0.906903199399127,
                "median_absolute_deviation": 25.204237714595234,
                "adjusted_arithmetic_mean_rank": 0.0931119814091575,
                "z_inverse_harmonic_mean_rank": 4491.838863114064,
                "z_arithmetic_mean_rank": 110.113208563986,
                "harmonic_mean_rank": 4.180796767318237,
                "inverse_harmonic_mean_rank": 0.2391888569703061,
                "variance": 299928396.1058716,
                "inverse_geometric_mean_rank": 0.01796300088561216,
                "adjusted_geometric_mean_rank_index": 0.9987435342500985,
                "median_rank": 18.0,
                "inverse_median_rank": 0.05555555555555555,
                "z_geometric_mean_rank": 70.52710277584588,
                "hits_at_1": 0.1451224407868326,
                "hits_at_3": 0.2757928542753914,
                "hits_at_5": 0.341830590124448,
                "hits_at_10": 0.4347651545564031,
                "z_hits_at_k": 3311.0034561562843,
                "adjusted_hits_at_k": 0.4347166114470141
            },
            "realistic": {
                "inverse_arithmetic_mean_rank": 0.00017977433162741363,
                "adjusted_inverse_harmonic_mean_rank": 0.23910899412439182,
                "geometric_mean_rank": 55.6700325012207,
                "arithmetic_mean_rank": 5562.529296875,
                "count": 4982.0,
                "standard_deviation": 17318.458984375,
                "adjusted_arithmetic_mean_rank_index": 0.9069030483441174,
                "median_absolute_deviation": 25.204237714595234,
                "adjusted_arithmetic_mean_rank": 0.09311213246163862,
                "z_inverse_harmonic_mean_rank": 4491.8390107262885,
                "z_arithmetic_mean_rank": 110.11319022338273,
                "harmonic_mean_rank": 4.180796629987877,
                "inverse_harmonic_mean_rank": 0.2391888648271561,
                "variance": 299928992.0,
                "inverse_geometric_mean_rank": 0.01796298660337925,
                "adjusted_geometric_mean_rank_index": 0.9987435331713681,
                "median_rank": 18.0,
                "inverse_median_rank": 0.0555555559694767,
                "z_geometric_mean_rank": 70.52710269967042,
                "hits_at_1": 0.1451224407868326,
                "hits_at_3": 0.2757928542753914,
                "hits_at_5": 0.341830590124448,
                "hits_at_10": 0.4347651545564031,
                "z_hits_at_k": 3311.0034561562843,
                "adjusted_hits_at_k": 0.4347166114470141
            },
            "pessimistic": {
                "inverse_arithmetic_mean_rank": 0.00017977404834233136,
                "adjusted_inverse_harmonic_mean_rank": 0.23910898587961346,
                "geometric_mean_rank": 55.67006151413969,
                "arithmetic_mean_rank": 5562.538137294259,
                "count": 4982.0,
                "standard_deviation": 17318.474592202787,
                "adjusted_arithmetic_mean_rank_index": 0.9069029003603452,
                "median_absolute_deviation": 25.204237714595234,
                "adjusted_arithmetic_mean_rank": 0.09311228044293367,
                "z_inverse_harmonic_mean_rank": 4491.838855842038,
                "z_arithmetic_mean_rank": 110.11317225567905,
                "harmonic_mean_rank": 4.180796774083734,
                "inverse_harmonic_mean_rank": 0.23918885658324318,
                "variance": 299929562.20077354,
                "inverse_geometric_mean_rank": 0.01796297637907242,
                "adjusted_geometric_mean_rank_index": 0.9987435325045718,
                "median_rank": 18.0,
                "inverse_median_rank": 0.05555555555555555,
                "z_geometric_mean_rank": 70.52710265258406,
                "hits_at_1": 0.1451224407868326,
                "hits_at_3": 0.2757928542753914,
                "hits_at_5": 0.341830590124448,
                "hits_at_10": 0.4347651545564031,
                "z_hits_at_k": 3311.0034561562843,
                "adjusted_hits_at_k": 0.4347166114470141
            }
        },
        "tail": {
            "optimistic": {
                "inverse_arithmetic_mean_rank": 0.0003167431631287053,
                "adjusted_inverse_harmonic_mean_rank": 0.5676019427142914,
                "geometric_mean_rank": 8.188414151556179,
                "arithmetic_mean_rank": 3157.132075471698,
                "count": 4982.0,
                "standard_deviation": 13455.496364494047,
                "adjusted_arithmetic_mean_rank_index": 0.9487365822881857,
                "median_absolute_deviation": 1.482602218505602,
                "adjusted_arithmetic_mean_rank": 0.05127882729817053,
                "z_inverse_harmonic_mean_rank": 10964.326398306006,
                "z_arithmetic_mean_rank": 115.98574228623197,
                "harmonic_mean_rank": 1.761664020117893,
                "inverse_harmonic_mean_rank": 0.5676451290258392,
                "variance": 181050382.41491252,
                "inverse_geometric_mean_rank": 0.12212376920504853,
                "adjusted_geometric_mean_rank_index": 0.9998413322867453,
                "median_rank": 2.0,
                "inverse_median_rank": 0.5,
                "z_geometric_mean_rank": 70.60367077092576,
                "hits_at_1": 0.4763147330389402,
                "hits_at_3": 0.6326776395022079,
                "hits_at_5": 0.6792452830188679,
                "hits_at_10": 0.7195905258932156,
                "z_hits_at_k": 5635.682034659378,
                "adjusted_hits_at_k": 0.719567751499475
            },
            "realistic": {
                "inverse_arithmetic_mean_rank": 0.00031674266210757196,
                "adjusted_inverse_harmonic_mean_rank": 0.5676019462304599,
                "geometric_mean_rank": 8.188419342041016,
                "arithmetic_mean_rank": 3157.13720703125,
                "count": 4982.0,
                "standard_deviation": 13455.5068359375,
                "adjusted_arithmetic_mean_rank_index": 0.9487364989389232,
                "median_absolute_deviation": 1.482602218505602,
                "adjusted_arithmetic_mean_rank": 0.05127891064607924,
                "z_inverse_harmonic_mean_rank": 10964.326466227583,
                "z_arithmetic_mean_rank": 115.98573209654785,
                "harmonic_mean_rank": 1.7616640092066944,
                "inverse_harmonic_mean_rank": 0.5676451325416565,
                "variance": 181050656.0,
                "inverse_geometric_mean_rank": 0.12212368845939636,