{
    "HP": {
        "training_loop": "LCWATrainingLoop",
        "dataset_kwargs": {
            "create_inverse_triples": true
        },
        "embedding_dim": 256,
        "random_seed": 1996,
        "model_kwargs": {},
        "evaluator_filtered": true,
        "loss": "CrossEntropyLoss",
        "loss_kwargs": {
            "reduction": "mean"
        },
        "regularizer": "NoRegularizer",
        "regularizer_kwargs": null,
        "optimizer": "Adam",
        "optimizer_kwargs": {
            "lr": 0.007525067744232913,
            "weight_decay": 0.0
        },
        "num_epochs": 151,
        "batch_size": 256,
        "label_smoothing": 0.08094657004944494,
        "negative_sampler": null,
        "negative_sampler_kwargs": null,
        "model": "ComplEx"
    },
    "dataset": "FB15k237",
    "model": "ComplEx",
    "results": {
        "head": {
            "optimistic": {
                "inverse_geometric_mean_rank": 0.017274911046786984,
                "variance": 4143411.642993116,
                "arithmetic_mean_rank": 832.9502886779528,
                "median_rank": 57.0,
                "inverse_median_rank": 0.017543859649122806,
                "z_arithmetic_mean_rank": 217.8246676278059,
                "adjusted_geometric_mean_rank_index": 0.988984978945075,
                "z_geometric_mean_rank": 141.63694487485358,
                "adjusted_inverse_harmonic_mean_rank": 0.18137778714270816,
                "count": 20438.0,
                "standard_deviation": 2035.5371878187625,
                "inverse_arithmetic_mean_rank": 0.0012005518379580445,
                "geometric_mean_rank": 57.887418192291825,
                "adjusted_arithmetic_mean_rank_index": 0.8817519813214113,
                "median_absolute_deviation": 83.0257242363137,
                "z_inverse_harmonic_mean_rank": 2395.237751965139,
                "harmonic_mean_rank": 5.495415572841694,
                "inverse_harmonic_mean_rank": 0.18196985955748154,
                "adjusted_arithmetic_mean_rank": 0.11837332737632067,
                "hits_at_1": 0.11478618260103729,
                "hits_at_3": 0.2013406399843429,
                "hits_at_5": 0.24836089636950778,
                "hits_at_10": 0.31583325178588906,
                "z_hits_at_k": 1685.7764491077564,
                "adjusted_hits_at_k": 0.31534395584840336
            },
            "realistic": {
                "inverse_geometric_mean_rank": 0.01727490872144699,
                "variance": 4143411.75,
                "arithmetic_mean_rank": 832.9503784179688,
                "median_rank": 57.0,
                "inverse_median_rank": 0.017543859779834747,
                "z_arithmetic_mean_rank": 217.82466447684325,
                "adjusted_geometric_mean_rank_index": 0.9889849769910932,
                "z_geometric_mean_rank": 141.63694459501514,
                "adjusted_inverse_harmonic_mean_rank": 0.18137779374658095,
                "count": 20438.0,
                "standard_deviation": 2035.5372314453125,
                "inverse_arithmetic_mean_rank": 0.0012005517492070794,
                "geometric_mean_rank": 57.887428283691406,
                "adjusted_arithmetic_mean_rank_index": 0.8817519685663474,
                "median_absolute_deviation": 83.0257242363137,
                "z_inverse_harmonic_mean_rank": 2395.237839174525,
                "harmonic_mean_rank": 5.495415373551676,
                "inverse_harmonic_mean_rank": 0.18196986615657806,
                "adjusted_arithmetic_mean_rank": 0.11837334012957189,
                "hits_at_1": 0.11478618260103729,
                "hits_at_3": 0.2013406399843429,
                "hits_at_5": 0.24836089636950778,
                "hits_at_10": 0.31583325178588906,
                "z_hits_at_k": 1685.7764491077564,
                "adjusted_hits_at_k": 0.31534395584840336
            },
            "pessimistic": {
                "inverse_geometric_mean_rank": 0.017274907837568382,
                "variance": 4143412.1469316557,
                "arithmetic_mean_rank": 832.9505333202858,
                "median_rank": 57.0,
                "inverse_median_rank": 0.017543859649122806,
                "z_arithmetic_mean_rank": 217.82465903789375,
                "adjusted_geometric_mean_rank_index": 0.988984976862806,
                "z_geometric_mean_rank": 141.63694457664255,
                "adjusted_inverse_harmonic_mean_rank": 0.18137778695691772,
                "count": 20438.0,
                "standard_deviation": 2035.5373116039057,
                "inverse_arithmetic_mean_rank": 0.001200551485349107,
                "geometric_mean_rank": 57.887428946235126,
                "adjusted_arithmetic_mean_rank_index": 0.8817519465495367,
                "median_absolute_deviation": 83.0257242363137,
                "z_inverse_harmonic_mean_rank": 2395.237749511629,
                "harmonic_mean_rank": 5.495415578448431,
                "inverse_harmonic_mean_rank": 0.1819698593718255,
                "adjusted_arithmetic_mean_rank": 0.11837336214325378,
                "hits_at_1": 0.11478618260103729,
                "hits_at_3": 0.2013406399843429,
                "hits_at_5": 0.24836089636950778,
                "hits_at_10": 0.31583325178588906,
                "z_hits_at_k": 1685.7764491077564,
                "adjusted_hits_at_k": 0.31534395584840336
            }
        },
        "tail": {
            "optimistic": {
                "inverse_geometric_mean_rank": 0.06841691294296086,
                "variance": 3437840.6245252094,
                "arithmetic_mean_rank": 557.2906840199628,
                "median_rank": 6.0,
                "inverse_median_rank": 0.16666666666666666,
                "z_arithmetic_mean_rank": 228.55404460956146,
                "adjusted_geometric_mean_rank_index": 0.9974423546249158,
                "z_geometric_mean_rank": 142.8418355288826,
                "adjusted_inverse_harmonic_mean_rank": 0.37394074701487623,
                "count": 20438.0,
                "standard_deviation": 1854.141479101638,
                "inverse_arithmetic_mean_rank": 0.0017943956873396772,
                "geometric_mean_rank": 14.616268945570512,
                "adjusted_arithmetic_mean_rank_index": 0.9230973478996827,
                "median_absolute_deviation": 7.41301109252801,
                "z_inverse_harmonic_mean_rank": 5021.07647020042,
                "harmonic_mean_rank": 2.671080985307489,
                "inverse_harmonic_mean_rank": 0.37438026233595545,
                "adjusted_arithmetic_mean_rank": 0.07703024514473775,
                "hits_at_1": 0.28231725217731674,
                "hits_at_3": 0.41476661121440456,
                "hits_at_5": 0.4791075447695469,
                "hits_at_10": 0.5589098737645563,
                "z_hits_at_k": 3036.513860665666,
                "adjusted_hits_at_k": 0.5586047861953368
            },
            "realistic": {
                "inverse_geometric_mean_rank": 0.0684167742729187,
                "variance": 3437840.75,
                "arithmetic_mean_rank": 557.2907104492188,
                "median_rank": 6.0,
                "inverse_median_rank": 0.1666666716337204,
                "z_arithmetic_mean_rank": 228.5540437049421,
                "adjusted_geometric_mean_rank_index": 0.9974423490405144,
                "z_geometric_mean_rank": 142.841834729151,
                "adjusted_inverse_harmonic_mean_rank": 0.37394056644416745,
                "count": 20438.0,
                "standard_deviation": 1854.1414794921875,
                "inverse_arithmetic_mean_rank": 0.00179439561907202,
                "geometric_mean_rank": 14.61629867553711,
                "adjusted_arithmetic_mean_rank_index": 0.9230973442460535,
                "median_absolute_deviation": 7.41301109252801,
                "z_inverse_harmonic_mean_rank": 5021.074045593461,