{
    "HP": {
        "training_loop": "LCWATrainingLoop",
        "dataset_kwargs": {
            "create_inverse_triples": true
        },
        "embedding_dim": 200,
        "random_seed": 1996,
        "model_kwargs": {},
        "evaluator_filtered": true,
        "loss": "BCEWithLogitsLoss",
        "loss_kwargs": {
            "reduction": "mean"
        },
        "regularizer": "LpRegularizer",
        "regularizer_kwargs": {
            "weight": 0.0001,
            "p": 3.0,
            "dim": -1,
            "normalize": false
        },
        "optimizer": "Adam",
        "optimizer_kwargs": {
            "lr": 0.0005
        },
        "num_epochs": 200,
        "batch_size": 4096,
        "label_smoothing": 0.0,
        "negative_sampler": null,
        "negative_sampler_kwargs": null,
        "model": "ComplEx"
    },
    "dataset": "FB15k",
    "model": "ComplEx",
    "results": {
        "head": {
            "optimistic": {
                "adjusted_arithmetic_mean_rank": 0.44065737887541134,
                "inverse_geometric_mean_rank": 0.001727539055512809,
                "variance": 15256871.354547877,
                "arithmetic_mean_rank": 3246.2123038377545,
                "median_rank": 1468.0,
                "inverse_median_rank": 0.0006811989100817438,
                "z_arithmetic_mean_rank": 235.25698810673535,
                "adjusted_geometric_mean_rank_index": 0.8932854215808065,
                "z_geometric_mean_rank": 217.47046439798416,
                "adjusted_inverse_harmonic_mean_rank": 0.08187440348503207,
                "count": 59071.0,
                "standard_deviation": 3906.004525669149,
                "inverse_arithmetic_mean_rank": 0.00030805132455994163,
                "geometric_mean_rank": 578.8581142688878,
                "adjusted_arithmetic_mean_rank_index": 0.559418559446863,
                "median_absolute_deviation": 2164.5992390181787,
                "z_inverse_harmonic_mean_rank": 1883.7614466835498,
                "harmonic_mean_rank": 12.119774958923832,
                "inverse_harmonic_mean_rank": 0.08250978284573647,
                "hits_at_1": 0.05669448629615209,
                "hits_at_3": 0.08887609825464272,
                "hits_at_5": 0.10546630326217603,
                "hits_at_10": 0.13080868785021416,
                "z_hits_at_k": 1212.9145597240965,
                "adjusted_hits_at_k": 0.13021690159271626
            },
            "realistic": {
                "adjusted_arithmetic_mean_rank": 0.4406573922471165,
                "inverse_geometric_mean_rank": 0.0017275400459766388,
                "variance": 15256874.0,
                "arithmetic_mean_rank": 3246.21240234375,
                "median_rank": 1468.0,
                "inverse_median_rank": 0.000681198900565505,
                "z_arithmetic_mean_rank": 235.25698248265638,
                "adjusted_geometric_mean_rank_index": 0.8932854818178702,
                "z_geometric_mean_rank": 217.47047906270598,
                "adjusted_inverse_harmonic_mean_rank": 0.0818744139877237,
                "count": 59071.0,
                "standard_deviation": 3906.0048828125,
                "inverse_arithmetic_mean_rank": 0.00030805132701061666,
                "geometric_mean_rank": 578.8577880859375,
                "adjusted_arithmetic_mean_rank_index": 0.5594185460733425,
                "median_absolute_deviation": 2164.5992390181787,
                "z_inverse_harmonic_mean_rank": 1883.7616883288595,
                "harmonic_mean_rank": 12.119773417262364,
                "inverse_harmonic_mean_rank": 0.08250979334115982,
                "hits_at_1": 0.05669448629615209,
                "hits_at_3": 0.08887609825464272,
                "hits_at_5": 0.10546630326217603,
                "hits_at_10": 0.13080868785021416,
                "z_hits_at_k": 1212.9145597240965,
                "adjusted_hits_at_k": 0.13021690159271626
            },
            "pessimistic": {
                "adjusted_arithmetic_mean_rank": 0.44065748688135664,
                "inverse_geometric_mean_rank": 0.001727538717197505,
                "variance": 15256876.18221299,
                "arithmetic_mean_rank": 3246.2130994904437,
                "median_rank": 1468.0,
                "inverse_median_rank": 0.0006811989100817438,
                "z_arithmetic_mean_rank": 235.25694267992105,
                "adjusted_geometric_mean_rank_index": 0.8932854006460209,
                "z_geometric_mean_rank": 217.4704593014076,
                "adjusted_inverse_harmonic_mean_rank": 0.08187440340316503,
                "count": 59071.0,
                "standard_deviation": 3906.00514364907,
                "inverse_arithmetic_mean_rank": 0.00030805124905600607,
                "geometric_mean_rank": 578.8582276304911,
                "adjusted_arithmetic_mean_rank_index": 0.5594184514262545,
                "median_absolute_deviation": 2164.5992390181787,
                "z_inverse_harmonic_mean_rank": 1883.7614447999576,
                "harmonic_mean_rank": 12.119774970940874,
                "inverse_harmonic_mean_rank": 0.08250978276392608,
                "hits_at_1": 0.05669448629615209,
                "hits_at_3": 0.08887609825464272,
                "hits_at_5": 0.10546630326217603,
                "hits_at_10": 0.13080868785021416,
                "z_hits_at_k": 1212.9145597240965,
                "adjusted_hits_at_k": 0.13021690159271626
            }
        },
        "tail": {
            "optimistic": {
                "adjusted_arithmetic_mean_rank": 0.38688892606853537,
                "inverse_geometric_mean_rank": 0.003051785176159876,
                "variance": 14593225.88253241,
                "arithmetic_mean_rank": 2865.6691777691253,
                "median_rank": 896.0,
                "inverse_median_rank": 0.0011160714285714285,
                "z_arithmetic_mean_rank": 257.94781238610085,
                "adjusted_geometric_mean_rank_index": 0.9400187766660181,
                "z_geometric_mean_rank": 228.8459228037604,
                "adjusted_inverse_harmonic_mean_rank": 0.13399680936512642,
                "count": 59071.0,
                "standard_deviation": 3820.1080982784256,
                "inverse_arithmetic_mean_rank": 0.00034895863338226744,
                "geometric_mean_rank": 327.6770618757381,
                "adjusted_arithmetic_mean_rank_index": 0.6131938601497292,
                "median_absolute_deviation": 1326.9289855625138,
                "z_inverse_harmonic_mean_rank": 3092.435908846962,
                "harmonic_mean_rank": 7.4298160365406725,
                "inverse_harmonic_mean_rank": 0.13459283447690862,
                "hits_at_1": 0.1009463188366542,
                "hits_at_3": 0.14502886357095698,
                "hits_at_5": 0.16651148617765063,
                "hits_at_10": 0.1981852347175433,
                "z_hits_at_k": 1846.6150322469905,
                "adjusted_hits_at_k": 0.19764266235509978
            },
            "realistic": {
                "adjusted_arithmetic_mean_rank": 0.38688899356795925,
                "inverse_geometric_mean_rank": 0.0030517857521772385,
                "variance": 14593228.0,
                "arithmetic_mean_rank": 2865.669677734375,
                "median_rank": 896.0,
                "inverse_median_rank": 0.0011160714784637094,
                "z_arithmetic_mean_rank": 257.94778398777396,
                "adjusted_geometric_mean_rank_index": 0.9400187876684178,
                "z_geometric_mean_rank": 228.84592548227536,
                "adjusted_inverse_harmonic_mean_rank": 0.13399680602071215,
                "count": 59071.0,
                "standard_deviation": 3820.1083984375,
                "inverse_arithmetic_mean_rank": 0.0003489585651550442,
                "geometric_mean_rank": 327.677001953125,
                "adjusted_arithmetic_mean_rank_index": 0.6131937926411911,