{
    "HP": {
        "training_loop": "SLCWATrainingLoop",
        "dataset_kwargs": {
            "create_inverse_triples": false
        },
        "embedding_dim": 350,
        "random_seed": 1996,
        "model_kwargs": {},
        "evaluator_filtered": true,
        "loss": "CrossEntropyLoss",
        "loss_kwargs": {
            "reduction": "mean"
        },
        "regularizer": "LpRegularizer",
        "regularizer_kwargs": {
            "weight": 0.0001,
            "p": 3.0,
            "dim": -1,
            "normalize": false
        },
        "optimizer": "Adam",
        "optimizer_kwargs": {
            "lr": 5e-05
        },
        "num_epochs": 4000,
        "batch_size": 16384,
        "label_smoothing": 0.0,
        "negative_sampler": "basic",
        "negative_sampler_kwargs": {
            "corruption_scheme": [
                "head",
                "tail"
            ],
            "num_negs_per_pos": 30
        },
        "model": "ComplEx"
    },
    "dataset": "FB15k237",
    "model": "ComplEx",
    "results": {
        "head": {
            "optimistic": {
                "z_inverse_harmonic_mean_rank": 282.2867474102493,
                "harmonic_mean_rank": 45.282121723015656,
                "inverse_harmonic_mean_rank": 0.022083770855898906,
                "adjusted_arithmetic_mean_rank": 0.47533932239880144,
                "variance": 14817659.344858596,
                "inverse_geometric_mean_rank": 0.001021467327782549,
                "arithmetic_mean_rank": 3344.790879733829,
                "median_rank": 1642.0,
                "inverse_median_rank": 0.0006090133982947625,
                "z_arithmetic_mean_rank": 129.628607283122,
                "adjusted_geometric_mean_rank_index": 0.8106345329784982,
                "z_geometric_mean_rank": 116.09458293653691,
                "adjusted_inverse_harmonic_mean_rank": 0.02137597636935075,
                "count": 20438.0,
                "standard_deviation": 3849.3712921539013,
                "inverse_arithmetic_mean_rank": 0.00029897235311750724,
                "geometric_mean_rank": 978.9838331597434,
                "adjusted_arithmetic_mean_rank_index": 0.5247352494673896,
                "median_absolute_deviation": 2321.7550741797727,
                "hits_at_1": 0.010274977982190039,
                "hits_at_3": 0.018739602700851354,
                "hits_at_5": 0.025589588022311382,
                "hits_at_10": 0.039974557197377435,
                "z_hits_at_k": 210.0269948252562,
                "adjusted_hits_at_k": 0.039287975234321766
            },
            "realistic": {
                "z_inverse_harmonic_mean_rank": 282.2867424919354,
                "harmonic_mean_rank": 45.282122486132494,
                "inverse_harmonic_mean_rank": 0.022083770483732224,
                "adjusted_arithmetic_mean_rank": 0.4753393417107463,
                "variance": 14817661.0,
                "inverse_geometric_mean_rank": 0.0010214673820883036,
                "arithmetic_mean_rank": 3344.791015625,
                "median_rank": 1642.0,
                "inverse_median_rank": 0.0006090134265832603,
                "z_arithmetic_mean_rank": 129.62860251169425,
                "adjusted_geometric_mean_rank_index": 0.8106345344260932,
                "z_geometric_mean_rank": 116.09458314385346,
                "adjusted_inverse_harmonic_mean_rank": 0.0213759759969147,
                "count": 20438.0,
                "standard_deviation": 3849.37158203125,
                "inverse_arithmetic_mean_rank": 0.00029897232889197767,
                "geometric_mean_rank": 978.9838256835938,
                "adjusted_arithmetic_mean_rank_index": 0.5247352301527,
                "median_absolute_deviation": 2321.7550741797727,
                "hits_at_1": 0.010274977982190039,
                "hits_at_3": 0.018739602700851354,
                "hits_at_5": 0.025589588022311382,
                "hits_at_10": 0.039974557197377435,
                "z_hits_at_k": 210.0269948252562,
                "adjusted_hits_at_k": 0.039287975234321766
            },
            "pessimistic": {
                "z_inverse_harmonic_mean_rank": 282.2867377707218,
                "harmonic_mean_rank": 45.28212321866763,
                "inverse_harmonic_mean_rank": 0.02208377012648003,
                "adjusted_arithmetic_mean_rank": 0.47533935716573456,
                "variance": 14817661.842318717,
                "inverse_geometric_mean_rank": 0.001021467092038495,
                "arithmetic_mean_rank": 3344.791124376162,
                "median_rank": 1642.0,
                "inverse_median_rank": 0.0006090133982947625,
                "z_arithmetic_mean_rank": 129.62859869320988,
                "adjusted_geometric_mean_rank_index": 0.810634489230217,
                "z_geometric_mean_rank": 116.09457667115066,
                "adjusted_inverse_harmonic_mean_rank": 0.021375975639403934,
                "count": 20438.0,
                "standard_deviation": 3849.3716165523324,
                "inverse_arithmetic_mean_rank": 0.0002989723312502841,
                "geometric_mean_rank": 978.9840590991001,
                "adjusted_arithmetic_mean_rank_index": 0.5247352146955151,
                "median_absolute_deviation": 2321.7550741797727,
                "hits_at_1": 0.010274977982190039,
                "hits_at_3": 0.018739602700851354,
                "hits_at_5": 0.025589588022311382,
                "hits_at_10": 0.039974557197377435,
                "z_hits_at_k": 210.0269948252562,
                "adjusted_hits_at_k": 0.039287975234321766
            }
        },
        "tail": {
            "optimistic": {
                "z_inverse_harmonic_mean_rank": 334.6980465102885,
                "harmonic_mean_rank": 39.04585818768237,
                "inverse_harmonic_mean_rank": 0.025610911026549436,
                "adjusted_arithmetic_mean_rank": 0.4588167704030988,
                "variance": 15562339.925689084,
                "inverse_geometric_mean_rank": 0.0012114368048170285,
                "arithmetic_mean_rank": 3319.401506996771,
                "median_rank": 1507.0,
                "inverse_median_rank": 0.0006635700066357001,
                "z_arithmetic_mean_rank": 134.01264272049022,
                "adjusted_geometric_mean_rank_index": 0.8451343840931378,
                "z_geometric_mean_rank": 121.03009876478723,
                "adjusted_inverse_harmonic_mean_rank": 0.02492637550518751,
                "count": 20438.0,
                "standard_deviation": 3944.9131708681607,
                "inverse_arithmetic_mean_rank": 0.0003012591269516986,
                "geometric_mean_rank": 825.4660878914246,
                "adjusted_arithmetic_mean_rank_index": 0.5412580437665858,
                "median_absolute_deviation": 2177.9426589847294,
                "hits_at_1": 0.00968783638320775,
                "hits_at_3": 0.020549955964380077,
                "hits_at_5": 0.03190136021137097,
                "hits_at_10": 0.05431059790586163,
                "z_hits_at_k": 291.6707778847881,
                "adjusted_hits_at_k": 0.05365649557220934
            },
            "realistic": {
                "z_inverse_harmonic_mean_rank": 334.6980425064201,
                "harmonic_mean_rank": 39.04585864196979,
                "inverse_harmonic_mean_rank": 0.0256109107285738,
                "adjusted_arithmetic_mean_rank": 0.4588167848240644,
                "variance": 15562341.0,
                "inverse_geometric_mean_rank": 0.0012114356504753232,
                "arithmetic_mean_rank": 3319.401611328125,
                "median_rank": 1507.0,
                "inverse_median_rank": 0.0006635700119659305,
                "z_arithmetic_mean_rank": 134.01263914944144,
                "adjusted_geometric_mean_rank_index": 0.8451342394547751,
                "z_geometric_mean_rank": 121.0300780514005,