{
    "HP": {
        "training_loop": "SLCWATrainingLoop",
        "dataset_kwargs": {
            "create_inverse_triples": false
        },
        "embedding_dim": 200,
        "random_seed": 1996,
        "model_kwargs": {},
        "evaluator_filtered": true,
        "loss": "BCEWithLogitsLoss",
        "loss_kwargs": {
            "reduction": "mean"
        },
        "regularizer": "LpRegularizer",
        "regularizer_kwargs": {
            "weight": 0.0001,
            "p": 3.0,
            "dim": -1,
            "normalize": false
        },
        "optimizer": "Adam",
        "optimizer_kwargs": {
            "lr": 0.0005
        },
        "num_epochs": 4000,
        "batch_size": 4096,
        "label_smoothing": 0.0,
        "negative_sampler": "basic",
        "negative_sampler_kwargs": {
            "corruption_scheme": [
                "head",
                "tail"
            ],
            "num_negs_per_pos": 20
        },
        "model": "ComplEx"
    },
    "dataset": "FB15k",
    "model": "ComplEx",
    "results": {
        "head": {
            "optimistic": {
                "z_inverse_harmonic_mean_rank": 12677.324146142984,
                "harmonic_mean_rank": 1.8138664807510412,
                "inverse_harmonic_mean_rank": 0.5513084952018875,
                "adjusted_arithmetic_mean_rank": 0.021314316075446336,
                "variance": 768855.2448323332,
                "inverse_geometric_mean_rank": 0.21154653133861875,
                "arithmetic_mean_rank": 157.01721656989048,
                "median_rank": 2.0,
                "inverse_median_rank": 0.5,
                "z_arithmetic_mean_rank": 411.6307923046443,
                "adjusted_geometric_mean_rank_index": 0.9993117080402554,
                "z_geometric_mean_rank": 243.28257909020212,
                "adjusted_inverse_harmonic_mean_rank": 0.5509977678326559,
                "count": 59071.0,
                "standard_deviation": 876.843911327628,
                "inverse_arithmetic_mean_rank": 0.0063687283588732225,
                "geometric_mean_rank": 4.727092397460859,
                "adjusted_arithmetic_mean_rank_index": 0.97881855373648,
                "median_absolute_deviation": 1.482602218505602,
                "hits_at_1": 0.45262480743512046,
                "hits_at_3": 0.6066089959540214,
                "hits_at_5": 0.6675356774051565,
                "hits_at_10": 0.7407865111476021,
                "z_hits_at_k": 6898.464586019279,
                "adjusted_hits_at_k": 0.7406100264332283
            },
            "realistic": {
                "z_inverse_harmonic_mean_rank": 12677.324548733746,
                "harmonic_mean_rank": 1.813866423220824,
                "inverse_harmonic_mean_rank": 0.5513085126876831,
                "adjusted_arithmetic_mean_rank": 0.021314317514746238,
                "variance": 768855.4375,
                "inverse_geometric_mean_rank": 0.21154654026031494,
                "arithmetic_mean_rank": 157.01722717285156,
                "median_rank": 2.0,
                "inverse_median_rank": 0.5,
                "z_arithmetic_mean_rank": 411.6307916992812,
                "adjusted_geometric_mean_rank_index": 0.9993117080645173,
                "z_geometric_mean_rank": 243.2825790961087,
                "adjusted_inverse_harmonic_mean_rank": 0.5509977853305608,
                "count": 59071.0,
                "standard_deviation": 876.843994140625,
                "inverse_arithmetic_mean_rank": 0.0063687278889119625,
                "geometric_mean_rank": 4.727092266082764,
                "adjusted_arithmetic_mean_rank_index": 0.9788185522969846,
                "median_absolute_deviation": 1.482602218505602,
                "hits_at_1": 0.45262480743512046,
                "hits_at_3": 0.6066089959540214,
                "hits_at_5": 0.6675356774051565,
                "hits_at_10": 0.7407865111476021,
                "z_hits_at_k": 6898.464586019279,
                "adjusted_hits_at_k": 0.7406100264332283
            },
            "pessimistic": {
                "z_inverse_harmonic_mean_rank": 12677.324146126319,
                "harmonic_mean_rank": 1.8138664807534228,
                "inverse_harmonic_mean_rank": 0.5513084952011637,
                "adjusted_arithmetic_mean_rank": 0.021314320671444006,
                "variance": 768855.7045829901,
                "inverse_geometric_mean_rank": 0.21154653029673864,
                "arithmetic_mean_rank": 157.0172504274517,
                "median_rank": 2.0,
                "inverse_median_rank": 0.5,
                "z_arithmetic_mean_rank": 411.6307903715883,
                "adjusted_geometric_mean_rank_index": 0.9993117080359559,
                "z_geometric_mean_rank": 243.28257908915543,
                "adjusted_inverse_harmonic_mean_rank": 0.5509977678319316,
                "count": 59071.0,
                "standard_deviation": 876.8441734897884,
                "inverse_arithmetic_mean_rank": 0.006368726985587105,
                "geometric_mean_rank": 4.727092420742089,
                "adjusted_arithmetic_mean_rank_index": 0.9788185491398582,
                "median_absolute_deviation": 1.482602218505602,
                "hits_at_1": 0.45262480743512046,
                "hits_at_3": 0.6066089959540214,
                "hits_at_5": 0.6675356774051565,
                "hits_at_10": 0.7407865111476021,
                "z_hits_at_k": 6898.464586019279,
                "adjusted_hits_at_k": 0.7406100264332283
            }
        },
        "tail": {
            "optimistic": {
                "z_inverse_harmonic_mean_rank": 12981.286278240243,
                "harmonic_mean_rank": 1.7768717867700439,
                "inverse_harmonic_mean_rank": 0.5627868073800512,
                "adjusted_arithmetic_mean_rank": 0.01716998162619822,
                "variance": 635478.6575170255,
                "inverse_geometric_mean_rank": 0.24355710654195073,
                "arithmetic_mean_rank": 127.17729511943254,
                "median_rank": 2.0,
                "inverse_median_rank": 0.5,
                "z_arithmetic_mean_rank": 413.49579866706597,
                "adjusted_geometric_mean_rank_index": 0.9994297411691494,
                "z_geometric_mean_rank": 243.30941793159346,
                "adjusted_inverse_harmonic_mean_rank": 0.5624856889558162,
                "count": 59071.0,
                "standard_deviation": 797.1691523867601,
                "inverse_arithmetic_mean_rank": 0.00786303875279701,
                "geometric_mean_rank": 4.1058132698244965,
                "adjusted_arithmetic_mean_rank_index": 0.9829627264325493,
                "median_absolute_deviation": 1.482602218505602,
                "hits_at_1": 0.4580420172334987,
                "hits_at_3": 0.6207106702104247,
                "hits_at_5": 0.6852262531529854,
                "hits_at_10": 0.7653332430465034,
                "z_hits_at_k": 7149.178331843805,
                "adjusted_hits_at_k": 0.7651744486438306
            },
            "realistic": {
                "z_inverse_harmonic_mean_rank": 12981.28651312356,
                "harmonic_mean_rank": 1.7768717546586548,
                "inverse_harmonic_mean_rank": 0.5627868175506592,
                "adjusted_arithmetic_mean_rank": 0.01716998427760708,
                "variance": 635478.75,
                "inverse_geometric_mean_rank": 0.2435571253299713,
                "arithmetic_mean_rank": 127.17731475830078,
                "median_rank": 2.0,
                "inverse_median_rank": 0.5,
                "z_arithmetic_mean_rank": 413.49579755156645,
                "adjusted_geometric_mean_rank_index": 0.9994297412138394,
                "z_geometric_mean_rank": 243.30941794247317,
                "adjusted_inverse_harmonic_mean_rank": 0.5624856991334289,
                "count": 59071.0,
                "standard_deviation": 797.169189453125,