{
    "HP": {
        "training_loop": "LCWATrainingLoop",
        "dataset_kwargs": {
            "create_inverse_triples": true
        },
        "evaluator_filtered": true,
        "embedding_dim": 128,
        "random_seed": 1996,
        "model_kwargs": {
            "scoring_fct_norm": 1
        },
        "loss": "CrossEntropyLoss",
        "loss_kwargs": {
            "reduction": "mean"
        },
        "regularizer": "NoRegularizer",
        "regularizer_kwargs": null,
        "optimizer": "Adam",
        "optimizer_kwargs": {
            "lr": 0.002262926108404029,
            "weight_decay": 0.0
        },
        "num_epochs": 500,
        "batch_size": 128,
        "label_smoothing": 0.846025311263613,
        "negative_sampler": null,
        "negative_sampler_kwargs": null,
        "model": "TransE"
    },
    "dataset": "Kinships",
    "model": "TransE",
    "results": {
        "head": {
            "optimistic": {
                "median_absolute_deviation": 4.447806655516806,
                "z_inverse_harmonic_mean_rank": 87.93709230176815,
                "harmonic_mean_rank": 2.6419189165653925,
                "inverse_harmonic_mean_rank": 0.3785127521248997,
                "adjusted_arithmetic_mean_rank": 0.18427360882303617,
                "inverse_geometric_mean_rank": 0.22507362003159917,
                "variance": 142.9376597345762,
                "arithmetic_mean_rank": 8.696461824953445,
                "median_rank": 4.0,
                "inverse_median_rank": 0.25,
                "z_arithmetic_mean_rank": 46.71191913707348,
                "adjusted_geometric_mean_rank_index": 0.9001931321385763,
                "z_geometric_mean_rank": 31.187188900456732,
                "adjusted_inverse_harmonic_mean_rank": 0.34236165185149225,
                "count": 1074.0,
                "standard_deviation": 11.955653881514644,
                "inverse_arithmetic_mean_rank": 0.11498929336188436,
                "geometric_mean_rank": 4.442990697264323,
                "adjusted_arithmetic_mean_rank_index": 0.8333854045936929,
                "hits_at_1": 0.1945996275605214,
                "hits_at_3": 0.46741154562383613,
                "hits_at_5": 0.590316573556797,
                "hits_at_10": 0.7541899441340782,
                "z_hits_at_k": 68.43636101175372,
                "adjusted_hits_at_k": 0.7245814458183059
            },
            "realistic": {
                "median_absolute_deviation": 4.447806655516806,
                "z_inverse_harmonic_mean_rank": 87.93708904302252,
                "harmonic_mean_rank": 2.6419190002503785,
                "inverse_harmonic_mean_rank": 0.37851274013519287,
                "adjusted_arithmetic_mean_rank": 0.18427360569965895,
                "inverse_geometric_mean_rank": 0.22507362067699432,
                "variance": 142.93765258789062,
                "arithmetic_mean_rank": 8.69646167755127,
                "median_rank": 4.0,
                "inverse_median_rank": 0.25,
                "z_arithmetic_mean_rank": 46.71191931593118,
                "adjusted_geometric_mean_rank_index": 0.9001931297437736,
                "z_geometric_mean_rank": 31.1871888174888,
                "adjusted_inverse_harmonic_mean_rank": 0.34236163916435985,
                "count": 1074.0,
                "standard_deviation": 11.955653190612793,
                "inverse_arithmetic_mean_rank": 0.11498929560184479,
                "geometric_mean_rank": 4.442990779876709,
                "adjusted_arithmetic_mean_rank_index": 0.8333854077846857,
                "hits_at_1": 0.1945996275605214,
                "hits_at_3": 0.46741154562383613,
                "hits_at_5": 0.590316573556797,
                "hits_at_10": 0.7541899441340782,
                "z_hits_at_k": 68.43636101175372,
                "adjusted_hits_at_k": 0.7245814458183059
            },
            "pessimistic": {
                "median_absolute_deviation": 4.447806655516806,
                "z_inverse_harmonic_mean_rank": 87.93709230176815,
                "harmonic_mean_rank": 2.6419189165653925,
                "inverse_harmonic_mean_rank": 0.3785127521248997,
                "adjusted_arithmetic_mean_rank": 0.18427360882303617,
                "inverse_geometric_mean_rank": 0.22507362003159917,
                "variance": 142.9376597345762,
                "arithmetic_mean_rank": 8.696461824953445,
                "median_rank": 4.0,
                "inverse_median_rank": 0.25,
                "z_arithmetic_mean_rank": 46.71191913707348,
                "adjusted_geometric_mean_rank_index": 0.9001931321385763,
                "z_geometric_mean_rank": 31.187188900456732,
                "adjusted_inverse_harmonic_mean_rank": 0.34236165185149225,
                "count": 1074.0,
                "standard_deviation": 11.955653881514644,
                "inverse_arithmetic_mean_rank": 0.11498929336188436,
                "geometric_mean_rank": 4.442990697264323,
                "adjusted_arithmetic_mean_rank_index": 0.8333854045936929,
                "hits_at_1": 0.1945996275605214,
                "hits_at_3": 0.46741154562383613,
                "hits_at_5": 0.590316573556797,
                "hits_at_10": 0.7541899441340782,
                "z_hits_at_k": 68.43636101175372,
                "adjusted_hits_at_k": 0.7245814458183059
            }
        },
        "tail": {
            "optimistic": {
                "median_absolute_deviation": 4.447806655516806,
                "z_inverse_harmonic_mean_rank": 92.63593820924949,
                "harmonic_mean_rank": 2.5552237677153204,
                "inverse_harmonic_mean_rank": 0.3913551574757467,
                "adjusted_arithmetic_mean_rank": 0.16871562288912476,
                "inverse_geometric_mean_rank": 0.2388904600783046,
                "variance": 146.08477679639626,
                "arithmetic_mean_rank": 8.139664804469273,
                "median_rank": 4.0,
                "inverse_median_rank": 0.25,
                "z_arithmetic_mean_rank": 47.619599029300815,
                "adjusted_geometric_mean_rank_index": 0.9097271023529386,
                "z_geometric_mean_rank": 31.49596112496302,
                "adjusted_inverse_harmonic_mean_rank": 0.356647554705959,
                "count": 1074.0,
                "standard_deviation": 12.086553553283759,
                "inverse_arithmetic_mean_rank": 0.12285518188057654,
                "geometric_mean_rank": 4.186018979879797,
                "adjusted_arithmetic_mean_rank_index": 0.8488796042647959,
                "hits_at_1": 0.20949720670391062,
                "hits_at_3": 0.4767225325884544,
                "hits_at_5": 0.6154562383612663,
                "hits_at_10": 0.7783985102420856,
                "z_hits_at_k": 71.99656423068718,
                "adjusted_hits_at_k": 0.752397280061763
            },
            "realistic": {
                "median_absolute_deviation": 4.447806655516806,
                "z_inverse_harmonic_mean_rank": 92.63593805076461,
                "harmonic_mean_rank": 2.555223771484271,
                "inverse_harmonic_mean_rank": 0.39135515689849854,
                "adjusted_arithmetic_mean_rank": 0.16871561968659016,
                "inverse_geometric_mean_rank": 0.23889043927192688,
                "variance": 146.08477783203125,
                "arithmetic_mean_rank": 8.139664649963379,
                "median_rank": 4.0,
                "inverse_median_rank": 0.25,
                "z_arithmetic_mean_rank": 47.61959921275598,
                "adjusted_geometric_mean_rank_index": 0.9097270898648661,
                "z_geometric_mean_rank": 31.49596069260935,
                "adjusted_inverse_harmonic_mean_rank": 0.35664755409579363,
                "count": 1074.0,
                "standard_deviation": 12.086553573608398,
                "inverse_arithmetic_mean_rank": 0.12285518646240234,