{
    "HP": {
        "training_loop": "LCWATrainingLoop",
        "dataset_kwargs": {
            "create_inverse_triples": true
        },
        "evaluator_filtered": true,
        "embedding_dim": 64,
        "random_seed": 1996,
        "model_kwargs": {},
        "loss": "CrossEntropyLoss",
        "loss_kwargs": {
            "reduction": "mean"
        },
        "regularizer": null,
        "regularizer_kwargs": null,
        "optimizer": "Adam",
        "optimizer_kwargs": {
            "lr": 0.0017764357807555818,
            "weight_decay": 0.0
        },
        "num_epochs": 1000,
        "batch_size": 512,
        "label_smoothing": 0.6141701734322814,
        "negative_sampler": null,
        "negative_sampler_kwargs": null,
        "model": "HolE"
    },
    "dataset": "Kinships",
    "model": "HolE",
    "results": {
        "head": {
            "optimistic": {
                "adjusted_arithmetic_mean_rank_index": 0.9662175100531126,
                "median_absolute_deviation": 0.0,
                "z_inverse_harmonic_mean_rank": 203.3207682814509,
                "harmonic_mean_rank": 1.2452726737315822,
                "inverse_harmonic_mean_rank": 0.8030369742262162,
                "adjusted_arithmetic_mean_rank": 0.05425614820806739,
                "inverse_geometric_mean_rank": 0.676458496931461,
                "variance": 41.98376732589148,
                "arithmetic_mean_rank": 2.5605214152700184,
                "median_rank": 1.0,
                "inverse_median_rank": 1.0,
                "z_arithmetic_mean_rank": 54.15726499365556,
                "adjusted_geometric_mean_rank_index": 0.9861352060426833,
                "z_geometric_mean_rank": 34.16465184441062,
                "adjusted_inverse_harmonic_mean_rank": 0.7915798926541535,
                "count": 1074.0,
                "standard_deviation": 6.479488199378982,
                "inverse_arithmetic_mean_rank": 0.3905454545454546,
                "geometric_mean_rank": 1.4782872926220636,
                "hits_at_1": 0.7057728119180633,
                "hits_at_3": 0.8864059590316573,
                "hits_at_5": 0.931098696461825,
                "hits_at_10": 0.9702048417132216,
                "z_hits_at_k": 91.2963992114322,
                "adjusted_hits_at_k": 0.9666159328264613
            },
            "realistic": {
                "adjusted_arithmetic_mean_rank_index": 0.9662175111584264,
                "median_absolute_deviation": 0.0,
                "z_inverse_harmonic_mean_rank": 203.32075576545904,
                "harmonic_mean_rank": 1.245272745140478,
                "inverse_harmonic_mean_rank": 0.8030369281768799,
                "adjusted_arithmetic_mean_rank": 0.05425614712617468,
                "inverse_geometric_mean_rank": 0.6764585375785828,
                "variance": 41.9837646484375,
                "arithmetic_mean_rank": 2.560521364212036,
                "median_rank": 1.0,
                "inverse_median_rank": 1.0,
                "z_arithmetic_mean_rank": 54.15726505560928,
                "adjusted_geometric_mean_rank_index": 0.9861352081478469,
                "z_geometric_mean_rank": 34.16465191734401,
                "adjusted_inverse_harmonic_mean_rank": 0.7915798439261875,
                "count": 1074.0,
                "standard_deviation": 6.479487895965576,
                "inverse_arithmetic_mean_rank": 0.39054545760154724,
                "geometric_mean_rank": 1.4782872200012207,
                "hits_at_1": 0.7057728119180633,
                "hits_at_3": 0.8864059590316573,
                "hits_at_5": 0.931098696461825,
                "hits_at_10": 0.9702048417132216,
                "z_hits_at_k": 91.2963992114322,
                "adjusted_hits_at_k": 0.9666159328264613
            },
            "pessimistic": {
                "adjusted_arithmetic_mean_rank_index": 0.9662175100531126,
                "median_absolute_deviation": 0.0,
                "z_inverse_harmonic_mean_rank": 203.3207682814509,
                "harmonic_mean_rank": 1.2452726737315822,
                "inverse_harmonic_mean_rank": 0.8030369742262162,
                "adjusted_arithmetic_mean_rank": 0.05425614820806739,
                "inverse_geometric_mean_rank": 0.676458496931461,
                "variance": 41.98376732589148,
                "arithmetic_mean_rank": 2.5605214152700184,
                "median_rank": 1.0,
                "inverse_median_rank": 1.0,
                "z_arithmetic_mean_rank": 54.15726499365556,
                "adjusted_geometric_mean_rank_index": 0.9861352060426833,
                "z_geometric_mean_rank": 34.16465184441062,
                "adjusted_inverse_harmonic_mean_rank": 0.7915798926541535,
                "count": 1074.0,
                "standard_deviation": 6.479488199378982,
                "inverse_arithmetic_mean_rank": 0.3905454545454546,
                "geometric_mean_rank": 1.4782872926220636,
                "hits_at_1": 0.7057728119180633,
                "hits_at_3": 0.8864059590316573,
                "hits_at_5": 0.931098696461825,
                "hits_at_10": 0.9702048417132216,
                "z_hits_at_k": 91.2963992114322,
                "adjusted_hits_at_k": 0.9666159328264613
            }
        },
        "tail": {
            "optimistic": {
                "adjusted_arithmetic_mean_rank_index": 0.9756607083029504,
                "median_absolute_deviation": 0.0,
                "z_inverse_harmonic_mean_rank": 213.3414963473567,
                "harmonic_mean_rank": 1.203369401639858,
                "inverse_harmonic_mean_rank": 0.8310000226341787,
                "adjusted_arithmetic_mean_rank": 0.044562385409630416,
                "inverse_geometric_mean_rank": 0.7259481536584087,
                "variance": 27.890935745520498,
                "arithmetic_mean_rank": 2.149906890130354,
                "median_rank": 1.0,
                "inverse_median_rank": 1.0,
                "z_arithmetic_mean_rank": 54.73163860294305,
                "adjusted_geometric_mean_rank_index": 0.9893036365420268,
                "z_geometric_mean_rank": 34.251006479549424,
                "adjusted_inverse_harmonic_mean_rank": 0.8213629014878144,
                "count": 1074.0,
                "standard_deviation": 5.28118696369675,
                "inverse_arithmetic_mean_rank": 0.4651364226938068,
                "geometric_mean_rank": 1.3775088413139556,
                "hits_at_1": 0.7392923649906891,
                "hits_at_3": 0.9124767225325885,
                "hits_at_5": 0.9562383612662942,
                "hits_at_10": 0.9767225325884544,
                "z_hits_at_k": 93.20079941252358,
                "adjusted_hits_at_k": 0.9739913109308576
            },
            "realistic": {
                "adjusted_arithmetic_mean_rank_index": 0.9756607086506569,
                "median_absolute_deviation": 0.0,
                "z_inverse_harmonic_mean_rank": 213.34149838084625,
                "harmonic_mean_rank": 1.2033693909144305,
                "inverse_harmonic_mean_rank": 0.8310000300407411,
                "adjusted_arithmetic_mean_rank": 0.044562385069131044,
                "inverse_geometric_mean_rank": 0.7259481549263,
                "variance": 27.89093780517578,
                "arithmetic_mean_rank": 2.149906873703003,
                "median_rank": 1.0,
                "inverse_median_rank": 1.0,
                "z_arithmetic_mean_rank": 54.73163862244834,
                "adjusted_geometric_mean_rank_index": 0.9893036354825044,
                "z_geometric_mean_rank": 34.25100644286735,
                "adjusted_inverse_harmonic_mean_rank": 0.8213629093167315,
                "count": 1074.0,
                "standard_deviation": 5.281187057495117,
                "inverse_arithmetic_mean_rank": 0.46513643860816956,
                "geometric_mean_rank": 1.3775088787078857,
                "hits_at_1": 0.7392923649906891,