{
    "HP": {
        "training_loop": "LCWATrainingLoop",
        "dataset_kwargs": {
            "create_inverse_triples": true
        },
        "evaluator_filtered": true,
        "embedding_dim": 256,
        "random_seed": 1996,
        "model_kwargs": {
            "scoring_fct_norm": 1.0
        },
        "loss": "CrossEntropyLoss",
        "loss_kwargs": {
            "reduction": "mean"
        },
        "regularizer": "NoRegularizer",
        "regularizer_kwargs": null,
        "optimizer": "Adadelta",
        "optimizer_kwargs": {
            "lr": 1.0,
            "weight_decay": 0.0
        },
        "num_epochs": 500,
        "batch_size": 128,
        "label_smoothing": 0.9313987044579384,
        "negative_sampler": null,
        "negative_sampler_kwargs": null,
        "model": "TransE"
    },
    "dataset": "Kinships",
    "model": "TransE",
    "results": {
        "head": {
            "optimistic": {
                "inverse_harmonic_mean_rank": 0.2915870750077185,
                "adjusted_arithmetic_mean_rank": 0.25934438843456215,
                "inverse_geometric_mean_rank": 0.16362455022136363,
                "variance": 260.3235585309101,
                "arithmetic_mean_rank": 12.239292364990689,
                "median_rank": 6.0,
                "inverse_median_rank": 0.16666666666666666,
                "z_arithmetic_mean_rank": 42.413051005921005,
                "adjusted_geometric_mean_rank_index": 0.8518241633151664,
                "z_geometric_mean_rank": 29.5114460917638,
                "adjusted_inverse_harmonic_mean_rank": 0.25037962179940965,
                "count": 1074.0,
                "standard_deviation": 16.13454550121912,
                "inverse_arithmetic_mean_rank": 0.08170406998858881,
                "geometric_mean_rank": 6.111552322968189,
                "adjusted_arithmetic_mean_rank_index": 0.7566894772381403,
                "median_absolute_deviation": 5.930408874022408,
                "z_inverse_harmonic_mean_rank": 64.3111043353862,
                "harmonic_mean_rank": 3.4295072920277048,
                "hits_at_1": 0.10986964618249534,
                "hits_at_3": 0.37243947858473,
                "hits_at_5": 0.4972067039106145,
                "hits_at_10": 0.6843575418994413,
                "z_hits_at_k": 61.046262455823175,
                "adjusted_hits_at_k": 0.6463375383803245
            },
            "realistic": {
                "inverse_harmonic_mean_rank": 0.2915862202644348,
                "adjusted_arithmetic_mean_rank": 0.259354245210999,
                "inverse_geometric_mean_rank": 0.16362126171588898,
                "variance": 260.33380126953125,
                "arithmetic_mean_rank": 12.239757537841797,
                "median_rank": 6.0,
                "inverse_median_rank": 0.1666666716337204,
                "z_arithmetic_mean_rank": 42.41248656550465,
                "adjusted_geometric_mean_rank_index": 0.8518205994935324,
                "z_geometric_mean_rank": 29.51132262317185,
                "adjusted_inverse_harmonic_mean_rank": 0.2503787173368272,
                "count": 1074.0,
                "standard_deviation": 16.134862899780273,
                "inverse_arithmetic_mean_rank": 0.08170096576213837,
                "geometric_mean_rank": 6.111675262451172,
                "adjusted_arithmetic_mean_rank_index": 0.7566794070801711,
                "median_absolute_deviation": 5.930408874022408,
                "z_inverse_harmonic_mean_rank": 64.3108720202038,
                "harmonic_mean_rank": 3.4295173451376275,
                "hits_at_1": 0.10986964618249534,
                "hits_at_3": 0.37243947858473,
                "hits_at_5": 0.4972067039106145,
                "hits_at_10": 0.6843575418994413,
                "z_hits_at_k": 61.046262455823175,
                "adjusted_hits_at_k": 0.6463375383803245
            },
            "pessimistic": {
                "inverse_harmonic_mean_rank": 0.2915853882347177,
                "adjusted_arithmetic_mean_rank": 0.25936411794300146,
                "inverse_geometric_mean_rank": 0.1636180663668098,
                "variance": 260.34452732436563,
                "arithmetic_mean_rank": 12.240223463687151,
                "median_rank": 6.0,
                "inverse_median_rank": 0.16666666666666666,
                "z_arithmetic_mean_rank": 42.41192121140559,
                "adjusted_geometric_mean_rank_index": 0.8518171426522771,
                "z_geometric_mean_rank": 29.511202860914867,
                "adjusted_inverse_harmonic_mean_rank": 0.25037783690902976,
                "count": 1074.0,
                "standard_deviation": 16.13519529861246,
                "inverse_arithmetic_mean_rank": 0.08169785486079416,
                "geometric_mean_rank": 6.111794511482209,
                "adjusted_arithmetic_mean_rank_index": 0.7566693206212269,
                "median_absolute_deviation": 5.930408874022408,
                "z_inverse_harmonic_mean_rank": 64.31064587846139,
                "harmonic_mean_rank": 3.429527131157304,
                "hits_at_1": 0.10986964618249534,
                "hits_at_3": 0.37243947858473,
                "hits_at_5": 0.4972067039106145,
                "hits_at_10": 0.6843575418994413,
                "z_hits_at_k": 61.046262455823175,
                "adjusted_hits_at_k": 0.6463375383803245
            }
        },
        "tail": {
            "optimistic": {
                "inverse_harmonic_mean_rank": 0.3342626080994987,
                "adjusted_arithmetic_mean_rank": 0.23614783363890768,
                "inverse_geometric_mean_rank": 0.1866859501160901,
                "variance": 265.19570411521346,
                "arithmetic_mean_rank": 11.39292364990689,
                "median_rank": 5.0,
                "inverse_median_rank": 0.2,
                "z_arithmetic_mean_rank": 43.75678754627485,
                "adjusted_geometric_mean_rank_index": 0.8765600706035254,
                "z_geometric_mean_rank": 30.34767441358761,
                "adjusted_inverse_harmonic_mean_rank": 0.29629933734992964,
                "count": 1074.0,
                "standard_deviation": 16.284830490834512,
                "inverse_arithmetic_mean_rank": 0.08777378228179143,
                "geometric_mean_rank": 5.3565894989856115,
                "adjusted_arithmetic_mean_rank_index": 0.7800201020870697,
                "median_absolute_deviation": 4.447806655516806,
                "z_inverse_harmonic_mean_rank": 76.96104107266163,
                "harmonic_mean_rank": 2.991659778177563,
                "hits_at_1": 0.15176908752327747,
                "hits_at_3": 0.4245810055865922,
                "hits_at_5": 0.5549348230912476,
                "hits_at_10": 0.7085661080074488,
                "z_hits_at_k": 64.53028423708282,
                "adjusted_hits_at_k": 0.6743712128543353
            },
            "realistic": {
                "inverse_harmonic_mean_rank": 0.334261029958725,
                "adjusted_arithmetic_mean_rank": 0.23615747400431242,
                "inverse_geometric_mean_rank": 0.1866808980703354,
                "variance": 265.201171875,
                "arithmetic_mean_rank": 11.393388748168945,
                "median_rank": 5.0,
                "inverse_median_rank": 0.20000000298023224,
                "z_arithmetic_mean_rank": 43.756235304048595,
                "adjusted_geometric_mean_rank_index": 0.8765559684860418,
                "z_geometric_mean_rank": 30.347532392829454,
                "adjusted_inverse_harmonic_mean_rank": 0.29629766921663603,
                "count": 1074.0,
                "standard_deviation": 16.284997940063477,
                "inverse_arithmetic_mean_rank": 0.08777020126581192,
                "geometric_mean_rank": 5.356734275817871,
                "adjusted_arithmetic_mean_rank_index": 0.7800102576706521,