{
    "HP": {
        "training_loop": "LCWATrainingLoop",
        "dataset_kwargs": {
            "create_inverse_triples": true
        },
        "evaluator_filtered": true,
        "embedding_dim": 256,
        "random_seed": 1996,
        "model_kwargs": {},
        "loss": "CrossEntropyLoss",
        "loss_kwargs": {
            "reduction": "mean"
        },
        "regularizer": "NoRegularizer",
        "regularizer_kwargs": null,
        "optimizer": "Adam",
        "optimizer_kwargs": {
            "lr": 0.022302102484576144,
            "weight_decay": 0.0
        },
        "num_epochs": 200,
        "batch_size": 128,
        "label_smoothing": 0.026875993128439003,
        "negative_sampler": null,
        "negative_sampler_kwargs": null,
        "model": "ComplEx"
    },
    "dataset": "Kinships",
    "model": "ComplEx",
    "results": {
        "head": {
            "optimistic": {
                "geometric_mean_rank": 1.5550300163455326,
                "adjusted_arithmetic_mean_rank_index": 0.9673059673664371,
                "median_absolute_deviation": 0.0,
                "z_inverse_harmonic_mean_rank": 193.43674868782756,
                "harmonic_mean_rank": 1.3043399515573046,
                "inverse_harmonic_mean_rank": 0.7666712951681494,
                "adjusted_arithmetic_mean_rank": 0.05319075475234534,
                "inverse_geometric_mean_rank": 0.643074403380389,
                "variance": 31.329969587577033,
                "arithmetic_mean_rank": 2.51024208566108,
                "median_rank": 1.0,
                "inverse_median_rank": 1.0,
                "z_arithmetic_mean_rank": 54.21827389748795,
                "adjusted_geometric_mean_rank_index": 0.9839105555688729,
                "z_geometric_mean_rank": 34.08757883408961,
                "adjusted_inverse_harmonic_mean_rank": 0.7530988696133523,
                "count": 1074.0,
                "standard_deviation": 5.597318070967295,
                "inverse_arithmetic_mean_rank": 0.3983679525222552,
                "hits_at_1": 0.6424581005586593,
                "hits_at_3": 0.8761638733705773,
                "hits_at_5": 0.9357541899441341,
                "hits_at_10": 0.9692737430167597,
                "z_hits_at_k": 91.1978645640198,
                "adjusted_hits_at_k": 0.9655726807272881
            },
            "realistic": {
                "geometric_mean_rank": 1.5550299882888794,
                "adjusted_arithmetic_mean_rank_index": 0.967305969538619,
                "median_absolute_deviation": 0.0,
                "z_inverse_harmonic_mean_rank": 193.43674998326847,
                "harmonic_mean_rank": 1.3043399434484915,
                "inverse_harmonic_mean_rank": 0.7666712999343872,
                "adjusted_arithmetic_mean_rank": 0.05319075262619096,
                "inverse_geometric_mean_rank": 0.6430743932723999,
                "variance": 31.32996940612793,
                "arithmetic_mean_rank": 2.510241985321045,
                "median_rank": 1.0,
                "inverse_median_rank": 1.0,
                "z_arithmetic_mean_rank": 54.218274019240475,
                "adjusted_geometric_mean_rank_index": 0.9839105563821909,
                "z_geometric_mean_rank": 34.087578862267016,
                "adjusted_inverse_harmonic_mean_rank": 0.7530988746568359,
                "count": 1074.0,
                "standard_deviation": 5.597318172454834,
                "inverse_arithmetic_mean_rank": 0.3983679711818695,
                "hits_at_1": 0.6424581005586593,
                "hits_at_3": 0.8761638733705773,
                "hits_at_5": 0.9357541899441341,
                "hits_at_10": 0.9692737430167597,
                "z_hits_at_k": 91.1978645640198,
                "adjusted_hits_at_k": 0.9655726807272881
            },
            "pessimistic": {
                "geometric_mean_rank": 1.5550300163455326,
                "adjusted_arithmetic_mean_rank_index": 0.9673059673664371,
                "median_absolute_deviation": 0.0,
                "z_inverse_harmonic_mean_rank": 193.43674868782756,
                "harmonic_mean_rank": 1.3043399515573046,
                "inverse_harmonic_mean_rank": 0.7666712951681494,
                "adjusted_arithmetic_mean_rank": 0.05319075475234534,
                "inverse_geometric_mean_rank": 0.643074403380389,
                "variance": 31.329969587577033,
                "arithmetic_mean_rank": 2.51024208566108,
                "median_rank": 1.0,
                "inverse_median_rank": 1.0,
                "z_arithmetic_mean_rank": 54.21827389748795,
                "adjusted_geometric_mean_rank_index": 0.9839105555688729,
                "z_geometric_mean_rank": 34.08757883408961,
                "adjusted_inverse_harmonic_mean_rank": 0.7530988696133523,
                "count": 1074.0,
                "standard_deviation": 5.597318070967295,
                "inverse_arithmetic_mean_rank": 0.3983679525222552,
                "hits_at_1": 0.6424581005586593,
                "hits_at_3": 0.8761638733705773,
                "hits_at_5": 0.9357541899441341,
                "hits_at_10": 0.9692737430167597,
                "z_hits_at_k": 91.1978645640198,
                "adjusted_hits_at_k": 0.9655726807272881
            }
        },
        "tail": {
            "optimistic": {
                "geometric_mean_rank": 1.4553931303964762,
                "adjusted_arithmetic_mean_rank_index": 0.9704578151790466,
                "median_absolute_deviation": 0.0,
                "z_inverse_harmonic_mean_rank": 206.20322604264715,
                "harmonic_mean_rank": 1.2422354705370935,
                "inverse_harmonic_mean_rank": 0.8050003592053603,
                "adjusted_arithmetic_mean_rank": 0.04965743510566439,
                "inverse_geometric_mean_rank": 0.6870995740701218,
                "variance": 32.20560549157503,
                "arithmetic_mean_rank": 2.3957169459962757,
                "median_rank": 1.0,
                "inverse_median_rank": 1.0,
                "z_arithmetic_mean_rank": 54.4397719081752,
                "adjusted_geometric_mean_rank_index": 0.9870968573291403,
                "z_geometric_mean_rank": 34.17460485084046,
                "adjusted_inverse_harmonic_mean_rank": 0.7938806230306765,
                "count": 1074.0,
                "standard_deviation": 5.674998281195777,
                "inverse_arithmetic_mean_rank": 0.41741158181111543,
                "hits_at_1": 0.7011173184357542,
                "hits_at_3": 0.8919925512104283,
                "hits_at_5": 0.9478584729981379,
                "hits_at_10": 0.9702048417132216,
                "z_hits_at_k": 92.5039466131205,
                "adjusted_hits_at_k": 0.9667088779914976
            },
            "realistic": {
                "geometric_mean_rank": 1.4553930759429932,
                "adjusted_arithmetic_mean_rank_index": 0.9704578160342167,
                "median_absolute_deviation": 0.0,
                "z_inverse_harmonic_mean_rank": 206.2032275732949,
                "harmonic_mean_rank": 1.2422354619339366,
                "inverse_harmonic_mean_rank": 0.805000364780426,
                "adjusted_arithmetic_mean_rank": 0.04965743426821999,
                "inverse_geometric_mean_rank": 0.6870995759963989,
                "variance": 32.205604553222656,
                "arithmetic_mean_rank": 2.395716905593872,
                "median_rank": 1.0,
                "inverse_median_rank": 1.0,
                "z_arithmetic_mean_rank": 54.43977195614767,
                "adjusted_geometric_mean_rank_index": 0.9870968588720294,
                "z_geometric_mean_rank": 34.17460490425733,
                "adjusted_inverse_harmonic_mean_rank": 0.793880628923657,
                "count": 1074.0,
                "standard_deviation": 5.6749982833862305,
                "inverse_arithmetic_mean_rank": 0.41741159558296204,