{
    "HP": {
        "training_loop": "SLCWATrainingLoop",
        "dataset_kwargs": {
            "create_inverse_triples": false
        },
        "evaluator_filtered": true,
        "embedding_dim": 256,
        "random_seed": 1996,
        "model_kwargs": {},
        "loss": "NSSALoss",
        "loss_kwargs": {
            "reduction": "mean",
            "margin": 24.014415232706426,
            "adversarial_temperature": 0.3273620313688605
        },
        "regularizer": "NoRegularizer",
        "regularizer_kwargs": null,
        "optimizer": "Adam",
        "optimizer_kwargs": {
            "lr": 0.005795799801910391,
            "weight_decay": 0.0
        },
        "num_epochs": 500,
        "batch_size": 512,
        "label_smoothing": 0.0,
        "negative_sampler": "basic",
        "negative_sampler_kwargs": {
            "corruption_scheme": [
                "head",
                "tail"
            ],
            "num_negs_per_pos": 96
        },
        "model": "RotatE"
    },
    "dataset": "Kinships",
    "model": "RotatE",
    "results": {
        "head": {
            "optimistic": {
                "inverse_geometric_mean_rank": 0.7429181111442562,
                "geometric_mean_rank": 1.3460433727477468,
                "adjusted_arithmetic_mean_rank_index": 0.9808109006984267,
                "z_arithmetic_mean_rank": 54.97523622281571,
                "median_absolute_deviation": 0.0,
                "inverse_harmonic_mean_rank": 0.8361513809974572,
                "standard_deviation": 3.887637562398955,
                "median_rank": 1.0,
                "adjusted_arithmetic_mean_rank": 0.039971984098016194,
                "adjusted_inverse_harmonic_mean_rank": 0.8266205211520261,
                "harmonic_mean_rank": 1.1959556878409807,
                "arithmetic_mean_rank": 1.8864059590316573,
                "inverse_arithmetic_mean_rank": 0.5301085883514314,
                "count": 1074.0,
                "variance": 15.113725816575291,
                "inverse_median_rank": 1.0,
                "z_inverse_harmonic_mean_rank": 212.32110744287667,
                "hits_at_1": 0.7420856610800745,
                "hits_at_3": 0.9106145251396648,
                "hits_at_5": 0.9636871508379888,
                "hits_at_10": 0.9869646182495344,
                "z_hits_at_k": 93.07002286485553,
                "adjusted_hits_at_k": 0.9853944706115766
            },
            "realistic": {
                "inverse_geometric_mean_rank": 0.7428366541862488,
                "geometric_mean_rank": 1.3461909294128418,
                "adjusted_arithmetic_mean_rank_index": 0.9808008235000895,
                "z_arithmetic_mean_rank": 54.974671387781086,
                "median_absolute_deviation": 0.0,
                "inverse_harmonic_mean_rank": 0.8361255171447777,
                "standard_deviation": 3.88792085647583,
                "median_rank": 1.0,
                "adjusted_arithmetic_mean_rank": 0.03998184776563925,
                "adjusted_inverse_harmonic_mean_rank": 0.8265931528328674,
                "harmonic_mean_rank": 1.195992717095821,
                "arithmetic_mean_rank": 1.8868714570999146,
                "inverse_arithmetic_mean_rank": 0.5299777984619141,
                "count": 1074.0,
                "variance": 15.115927696228027,
                "inverse_median_rank": 1.0,
                "z_inverse_harmonic_mean_rank": 212.31407777002926,
                "hits_at_1": 0.7420856610800745,
                "hits_at_3": 0.9106145251396648,
                "hits_at_5": 0.9636871508379888,
                "hits_at_10": 0.9869646182495344,
                "z_hits_at_k": 93.07002286485553,
                "adjusted_hits_at_k": 0.9853944706115766
            },
            "pessimistic": {
                "inverse_geometric_mean_rank": 0.7427637720705359,
                "geometric_mean_rank": 1.346323067443623,
                "adjusted_arithmetic_mean_rank_index": 0.9807907440815133,
                "z_arithmetic_mean_rank": 54.974106428300296,
                "median_absolute_deviation": 0.0,
                "inverse_harmonic_mean_rank": 0.8361048260626341,
                "standard_deviation": 3.8882633626903105,
                "median_rank": 1.0,
                "adjusted_arithmetic_mean_rank": 0.039991713606455495,
                "adjusted_inverse_harmonic_mean_rank": 0.8265712581775405,
                "harmonic_mean_rank": 1.196022279537815,
                "arithmetic_mean_rank": 1.8873370577281192,
                "inverse_arithmetic_mean_rank": 0.5298470646275284,
                "count": 1074.0,
                "variance": 15.11859197763976,
                "inverse_median_rank": 1.0,
                "z_inverse_harmonic_mean_rank": 212.30845403175138,
                "hits_at_1": 0.7420856610800745,
                "hits_at_3": 0.9106145251396648,
                "hits_at_5": 0.9636871508379888,
                "hits_at_10": 0.9869646182495344,
                "z_hits_at_k": 93.07002286485553,
                "adjusted_hits_at_k": 0.9853944706115766
            }
        },
        "tail": {
            "optimistic": {
                "inverse_geometric_mean_rank": 0.7825578950427385,
                "geometric_mean_rank": 1.2778607261324557,
                "adjusted_arithmetic_mean_rank_index": 0.9817307502808381,
                "z_arithmetic_mean_rank": 55.072149746838875,
                "median_absolute_deviation": 0.0,
                "inverse_harmonic_mean_rank": 0.8669722287379616,
                "standard_deviation": 4.834012013765116,
                "median_rank": 1.0,
                "adjusted_arithmetic_mean_rank": 0.038618160764257455,
                "adjusted_inverse_harmonic_mean_rank": 0.8593864008138073,
                "harmonic_mean_rank": 1.153439483817936,
                "arithmetic_mean_rank": 1.8631284916201116,
                "inverse_arithmetic_mean_rank": 0.5367316341829086,
                "count": 1074.0,
                "variance": 23.36767214922547,
                "inverse_median_rank": 1.0,
                "z_inverse_harmonic_mean_rank": 223.2177522969205,
                "hits_at_1": 0.7895716945996276,
                "hits_at_3": 0.9376163873370578,
                "hits_at_5": 0.9664804469273743,
                "hits_at_10": 0.9860335195530726,
                "z_hits_at_k": 94.19630341167083,
                "adjusted_hits_at_k": 0.9843947865585145
            },
            "realistic": {
                "inverse_geometric_mean_rank": 0.7825578451156616,
                "geometric_mean_rank": 1.2778607606887817,
                "adjusted_arithmetic_mean_rank_index": 0.98173074919543,
                "z_arithmetic_mean_rank": 55.072149685950734,
                "median_absolute_deviation": 0.0,
                "inverse_harmonic_mean_rank": 0.8669722287379616,
                "standard_deviation": 4.834012031555176,
                "median_rank": 1.0,
                "adjusted_arithmetic_mean_rank": 0.03861816182716765,
                "adjusted_inverse_harmonic_mean_rank": 0.8593864008138073,
                "harmonic_mean_rank": 1.1534394836153323,
                "arithmetic_mean_rank": 1.8631285429000854,
                "inverse_arithmetic_mean_rank": 0.5367316007614136,
                "count": 1074.0,
                "variance": 23.367671966552734,
                "inverse_median_rank": 1.0,
                "z_inverse_harmonic_mean_rank": 223.2177522969205,
                "hits_at_1": 0.7895716945996276,
                "hits_at_3": 0.9376163873370578,
                "hits_at_5": 0.9664804469273743,
                "hits_at_10": 0.9860335195530726,
                "z_hits_at_k": 94.19630341167083,
                "adjusted_hits_at_k": 0.9843947865585145
            },
            "pessimistic": {
                "inverse_geometric_mean_rank": 0.7825578950427385,
                "geometric_mean_rank": 1.2778607261324557,