{
    "HP": {
        "training_loop": "SLCWATrainingLoop",
        "dataset_kwargs": {
            "create_inverse_triples": false
        },
        "evaluator_filtered": true,
        "embedding_dim": 256,
        "random_seed": 1996,
        "model_kwargs": {
            "scoring_fct_norm": 1.0
        },
        "loss": "NSSALoss",
        "loss_kwargs": {
            "reduction": "mean",
            "adversarial_temperature": 0.17091254888891017,
            "margin": 28.535252462066296
        },
        "regularizer": "NoRegularizer",
        "regularizer_kwargs": null,
        "optimizer": "Adam",
        "optimizer_kwargs": {
            "lr": 0.0010736277024517172,
            "weight_decay": 0.0
        },
        "num_epochs": 500,
        "batch_size": 512,
        "label_smoothing": 0.0,
        "negative_sampler": "basic",
        "negative_sampler_kwargs": {
            "corruption_scheme": [
                "head",
                "tail"
            ],
            "num_negs_per_pos": 36
        },
        "model": "TransE"
    },
    "dataset": "Kinships",
    "model": "TransE",
    "results": {
        "head": {
            "optimistic": {
                "z_arithmetic_mean_rank": 50.71365131067192,
                "inverse_geometric_mean_rank": 0.26377304139968444,
                "adjusted_geometric_mean_rank_index": 0.9190893133886454,
                "z_geometric_mean_rank": 31.841847054472126,
                "adjusted_inverse_harmonic_mean_rank": 0.2869293442893397,
                "count": 1074.0,
                "standard_deviation": 6.979848462468213,
                "inverse_arithmetic_mean_rank": 0.18523628837530184,
                "geometric_mean_rank": 3.7911379976270627,
                "adjusted_arithmetic_mean_rank_index": 0.9047801417010168,
                "median_absolute_deviation": 1.482602218505602,
                "z_inverse_harmonic_mean_rank": 73.69906090943373,
                "harmonic_mean_rank": 3.066284304246517,
                "inverse_harmonic_mean_rank": 0.3261276192214445,
                "adjusted_arithmetic_mean_rank": 0.11439168993104536,
                "variance": 48.71828455901987,
                "arithmetic_mean_rank": 5.398510242085661,
                "median_rank": 3.0,
                "inverse_median_rank": 0.3333333333333333,
                "hits_at_1": 0.015828677839851025,
                "hits_at_3": 0.5567970204841713,
                "hits_at_5": 0.729050279329609,
                "hits_at_10": 0.8938547486033519,
                "z_hits_at_k": 83.21655812361482,
                "adjusted_hits_at_k": 0.8810692606942684
            },
            "realistic": {
                "z_arithmetic_mean_rank": 50.71365105100502,
                "inverse_geometric_mean_rank": 0.26377302408218384,
                "adjusted_geometric_mean_rank_index": 0.9190893083295107,
                "z_geometric_mean_rank": 31.841846879198417,
                "adjusted_inverse_harmonic_mean_rank": 0.28692934358016536,
                "count": 1074.0,
                "standard_deviation": 6.979848384857178,
                "inverse_arithmetic_mean_rank": 0.18523627519607544,
                "geometric_mean_rank": 3.791138172149658,
                "adjusted_arithmetic_mean_rank_index": 0.9047801370683105,
                "median_absolute_deviation": 1.482602218505602,
                "z_inverse_harmonic_mean_rank": 73.69906072727919,
                "harmonic_mean_rank": 3.0662843105477124,
                "inverse_harmonic_mean_rank": 0.3261276185512543,
                "adjusted_arithmetic_mean_rank": 0.114391694465587,
                "variance": 48.718284606933594,
                "arithmetic_mean_rank": 5.398510456085205,
                "median_rank": 3.0,
                "inverse_median_rank": 0.3333333432674408,
                "hits_at_1": 0.015828677839851025,
                "hits_at_3": 0.5567970204841713,
                "hits_at_5": 0.729050279329609,
                "hits_at_10": 0.8938547486033519,
                "z_hits_at_k": 83.21655812361482,
                "adjusted_hits_at_k": 0.8810692606942684
            },
            "pessimistic": {
                "z_arithmetic_mean_rank": 50.71365131067192,
                "inverse_geometric_mean_rank": 0.26377304139968444,
                "adjusted_geometric_mean_rank_index": 0.9190893133886454,
                "z_geometric_mean_rank": 31.841847054472126,
                "adjusted_inverse_harmonic_mean_rank": 0.2869293442893397,
                "count": 1074.0,
                "standard_deviation": 6.979848462468213,
                "inverse_arithmetic_mean_rank": 0.18523628837530184,
                "geometric_mean_rank": 3.7911379976270627,
                "adjusted_arithmetic_mean_rank_index": 0.9047801417010168,
                "median_absolute_deviation": 1.482602218505602,
                "z_inverse_harmonic_mean_rank": 73.69906090943373,
                "harmonic_mean_rank": 3.066284304246517,
                "inverse_harmonic_mean_rank": 0.3261276192214445,
                "adjusted_arithmetic_mean_rank": 0.11439168993104536,
                "variance": 48.71828455901987,
                "arithmetic_mean_rank": 5.398510242085661,
                "median_rank": 3.0,
                "inverse_median_rank": 0.3333333333333333,
                "hits_at_1": 0.015828677839851025,
                "hits_at_3": 0.5567970204841713,
                "hits_at_5": 0.729050279329609,
                "hits_at_10": 0.8938547486033519,
                "z_hits_at_k": 83.21655812361482,
                "adjusted_hits_at_k": 0.8810692606942684
            }
        },
        "tail": {
            "optimistic": {
                "z_arithmetic_mean_rank": 51.27124938088488,
                "inverse_geometric_mean_rank": 0.2780367309777222,
                "adjusted_geometric_mean_rank_index": 0.9264264090511126,
                "z_geometric_mean_rank": 32.07411331282152,
                "adjusted_inverse_harmonic_mean_rank": 0.2993097312669256,
                "count": 1074.0,
                "standard_deviation": 6.8342008151129585,
                "inverse_arithmetic_mean_rank": 0.19746276889134035,
                "geometric_mean_rank": 3.596647092215041,
                "adjusted_arithmetic_mean_rank_index": 0.9139748920990916,
                "median_absolute_deviation": 1.482602218505602,
                "z_inverse_harmonic_mean_rank": 77.74296334074016,
                "harmonic_mean_rank": 2.9663855375656807,
                "inverse_harmonic_mean_rank": 0.33711059716824093,
                "adjusted_arithmetic_mean_rank": 0.10496960339669979,
                "variance": 46.70630078129063,
                "arithmetic_mean_rank": 5.064245810055866,
                "median_rank": 3.0,
                "inverse_median_rank": 0.3333333333333333,
                "hits_at_1": 0.012104283054003724,
                "hits_at_3": 0.6108007448789572,
                "hits_at_5": 0.7690875232774674,
                "hits_at_10": 0.9059590316573557,
                "z_hits_at_k": 85.63496901900449,
                "adjusted_hits_at_k": 0.8949248961606642
            },
            "realistic": {
                "z_arithmetic_mean_rank": 51.2712495105687,
                "inverse_geometric_mean_rank": 0.2780367136001587,
                "adjusted_geometric_mean_rank_index": 0.926426397468801,
                "z_geometric_mean_rank": 32.0741129118265,
                "adjusted_inverse_harmonic_mean_rank": 0.2993097120772646,
                "count": 1074.0,
                "standard_deviation": 6.834200859069824,
                "inverse_arithmetic_mean_rank": 0.1974627673625946,
                "geometric_mean_rank": 3.5966475009918213,
                "adjusted_arithmetic_mean_rank_index": 0.9139748944108699,
                "median_absolute_deviation": 1.482602218505602,
                "z_inverse_harmonic_mean_rank": 77.74295835640133,