{
    "HP": {
        "training_loop": "SLCWATrainingLoop",
        "dataset_kwargs": {
            "create_inverse_triples": false
        },
        "embedding_dim": 128,
        "random_seed": 1996,
        "model_kwargs": {},
        "evaluator_filtered": true,
        "loss": "SoftplusLoss",
        "loss_kwargs": {
            "reduction": "mean"
        },
        "regularizer": "NoRegularizer",
        "regularizer_kwargs": null,
        "optimizer": "Adam",
        "optimizer_kwargs": {
            "lr": 0.0018284636926060019
        },
        "num_epochs": 201,
        "batch_size": 512,
        "label_smoothing": 0.6628146051390186,
        "negative_sampler": null,
        "negative_sampler_kwargs": null,
        "model": "ComplEx"
    },
    "dataset": "WN18RR",
    "model": "ComplEx",
    "results": {
        "head": {
            "optimistic": {
                "inverse_geometric_mean_rank": 4.654929419734874e-05,
                "variance": 156230405.46598026,
                "adjusted_geometric_mean_rank_index": -0.44018714045193086,
                "median_rank": 31701.0,
                "inverse_median_rank": 3.154474622251664e-05,
                "z_geometric_mean_rank": -23.826351130618967,
                "inverse_arithmetic_mean_rank": 3.6706318906180825e-05,
                "adjusted_inverse_harmonic_mean_rank": -0.0001208369545774749,
                "geometric_mean_rank": 21482.60284593007,
                "arithmetic_mean_rank": 27243.265731874144,
                "count": 2924.0,
                "standard_deviation": 12499.21619406514,
                "adjusted_arithmetic_mean_rank_index": -0.34416528968266413,
                "median_absolute_deviation": 11622.118790865414,
                "adjusted_arithmetic_mean_rank": 1.3441483090021282,
                "z_inverse_harmonic_mean_rank": -1.0264090440032143,
                "z_arithmetic_mean_rank": -32.23331348861403,
                "harmonic_mean_rank": 6443.965112077034,
                "inverse_harmonic_mean_rank": 0.00015518395624548588,
                "hits_at_1": 0.0,
                "hits_at_3": 0.0,
                "hits_at_5": 0.0,
                "hits_at_10": 0.0,
                "z_hits_at_k": -0.8494295229720188,
                "adjusted_hits_at_k": -0.000246761461662804
            },
            "realistic": {
                "inverse_geometric_mean_rank": 4.6549306716769934e-05,
                "variance": 156230400.0,
                "adjusted_geometric_mean_rank_index": -0.44018679252116666,
                "median_rank": 31701.0,
                "inverse_median_rank": 3.154474688926712e-05,
                "z_geometric_mean_rank": -23.82633229790033,
                "inverse_arithmetic_mean_rank": 3.6706314858747646e-05,
                "adjusted_inverse_harmonic_mean_rank": -0.00012083697307824136,
                "geometric_mean_rank": 21482.59765625,
                "arithmetic_mean_rank": 27243.267578125,
                "count": 2924.0,
                "standard_deviation": 12499.2158203125,
                "adjusted_arithmetic_mean_rank_index": -0.3441653807788432,
                "median_absolute_deviation": 11622.118790865414,
                "adjusted_arithmetic_mean_rank": 1.3441484000938129,
                "z_inverse_harmonic_mean_rank": -1.0264092011517794,
                "z_arithmetic_mean_rank": -32.23332202036255,
                "harmonic_mean_rank": 6443.965880103626,
                "inverse_harmonic_mean_rank": 0.00015518393774982542,
                "hits_at_1": 0.0,
                "hits_at_3": 0.0,
                "hits_at_5": 0.0,
                "hits_at_10": 0.0,
                "z_hits_at_k": -0.8494295229720188,
                "adjusted_hits_at_k": -0.000246761461662804
            },
            "pessimistic": {
                "inverse_geometric_mean_rank": 4.654928686864949e-05,
                "variance": 156230379.80004284,
                "adjusted_geometric_mean_rank_index": -0.4401873672049159,
                "median_rank": 31701.0,
                "inverse_median_rank": 3.154474622251664e-05,
                "z_geometric_mean_rank": -23.826363404253833,
                "inverse_arithmetic_mean_rank": 3.670631614143305e-05,
                "adjusted_inverse_harmonic_mean_rank": -0.00012083697242360584,
                "geometric_mean_rank": 21482.60622814161,
                "arithmetic_mean_rank": 27243.26778385773,
                "count": 2924.0,
                "standard_deviation": 12499.215167363223,
                "adjusted_arithmetic_mean_rank_index": -0.3441653909299369,
                "median_absolute_deviation": 11622.118790865414,
                "adjusted_arithmetic_mean_rank": 1.3441484102444057,
                "z_inverse_harmonic_mean_rank": -1.0264091955911971,
                "z_arithmetic_mean_rank": -32.233322971078366,
                "harmonic_mean_rank": 6443.965852927588,
                "inverse_harmonic_mean_rank": 0.00015518393840428026,
                "hits_at_1": 0.0,
                "hits_at_3": 0.0,
                "hits_at_5": 0.0,
                "hits_at_10": 0.0,
                "z_hits_at_k": -0.8494295229720188,
                "adjusted_hits_at_k": -0.000246761461662804
            }
        },
        "tail": {
            "optimistic": {
                "inverse_geometric_mean_rank": 3.708498737208294e-05,
                "variance": 119722569.9939857,
                "adjusted_geometric_mean_rank_index": -0.806944423912209,
                "median_rank": 35910.0,
                "inverse_median_rank": 2.78473962684489e-05,
                "z_geometric_mean_rank": -43.678095751302756,
                "inverse_arithmetic_mean_rank": 3.221150239922264e-05,
                "adjusted_inverse_harmonic_mean_rank": -0.00016721621824527546,
                "geometric_mean_rank": 26965.089403071663,
                "arithmetic_mean_rank": 31044.810875512994,
                "count": 2924.0,
                "standard_deviation": 10941.780933375778,
                "adjusted_arithmetic_mean_rank_index": -0.5310584550377413,
                "median_absolute_deviation": 6252.874856547376,
                "adjusted_arithmetic_mean_rank": 1.5310322649078518,
                "z_inverse_harmonic_mean_rank": -1.4206786883143132,
                "z_arithmetic_mean_rank": -49.73713139763616,
                "harmonic_mean_rank": 9199.174218307995,
                "inverse_harmonic_mean_rank": 0.00010870540944966799,
                "hits_at_1": 0.0,
                "hits_at_3": 0.0,
                "hits_at_5": 0.0,
                "hits_at_10": 0.0,
                "z_hits_at_k": -0.8492400252939795,
                "adjusted_hits_at_k": -0.0002466513749648574
            },
            "realistic": {
                "inverse_geometric_mean_rank": 3.708499571075663e-05,
                "variance": 119722560.0,
                "adjusted_geometric_mean_rank_index": -0.8069440607891096,
                "median_rank": 35910.0,
                "inverse_median_rank": 2.7847396268043667e-05,
                "z_geometric_mean_rank": -43.67807609626204,
                "inverse_arithmetic_mean_rank": 3.221150109311566e-05,
                "adjusted_inverse_harmonic_mean_rank": -0.0001672162307015688,
                "geometric_mean_rank": 26965.083984375,
                "arithmetic_mean_rank": 31044.810546875,
                "count": 2924.0,
                "standard_deviation": 10941.7802734375,
                "adjusted_arithmetic_mean_rank_index": -0.5310584388295514,
                "median_absolute_deviation": 6252.874856547376,
                "adjusted_arithmetic_mean_rank": 1.5310322487004613,
                "z_inverse_harmonic_mean_rank": -1.420678794143704,
                "z_arithmetic_mean_rank": -49.73712987963215,
                "harmonic_mean_rank": 9199.175272128723,
                "inverse_harmonic_mean_rank": 0.00010870539699681103,
                "hits_at_1": 0.0,