{
    "HP": {
        "training_loop": "LCWATrainingLoop",
        "dataset_kwargs": {
            "create_inverse_triples": false
        },
        "embedding_dim": 256,
        "random_seed": 1996,
        "model_kwargs": {
            "scoring_fct_norm": 1
        },
        "evaluator_filtered": true,
        "loss": "SoftplusLoss",
        "loss_kwargs": {
            "reduction": "mean"
        },
        "regularizer": "NoRegularizer",
        "regularizer_kwargs": null,
        "optimizer": "Adam",
        "optimizer_kwargs": {
            "lr": 0.0011049153751436596,
            "weight_decay": 0.0
        },
        "num_epochs": 501,
        "batch_size": 512,
        "negative_sampler": null,
        "negative_sampler_kwargs": null,
        "model": "TransE"
    },
    "dataset": "WN18RR",
    "model": "TransE",
    "results": {
        "head": {
            "optimistic": {
                "inverse_harmonic_mean_rank": 0.24128681143169134,
                "adjusted_arithmetic_mean_rank": 0.06153012903944137,
                "inverse_geometric_mean_rank": 0.04515720456446991,
                "variance": 23263765.133785024,
                "arithmetic_mean_rank": 1247.0957592339262,
                "median_rank": 7.0,
                "inverse_median_rank": 0.14285714285714285,
                "z_arithmetic_mean_rank": 87.89813216866273,
                "adjusted_geometric_mean_rank_index": 0.9985823890081252,
                "z_geometric_mean_rank": 54.05104431022812,
                "adjusted_inverse_harmonic_mean_rank": 0.24107735822255166,
                "count": 2924.0,
                "standard_deviation": 4823.252547170325,
                "inverse_arithmetic_mean_rank": 0.0008018630426698638,
                "geometric_mean_rank": 22.144860596326836,
                "adjusted_arithmetic_mean_rank_index": 0.9385161761628634,
                "median_absolute_deviation": 8.895613311033612,
                "z_inverse_harmonic_mean_rank": 2047.7508858879787,
                "harmonic_mean_rank": 4.144445334854539,
                "hits_at_1": 0.0646374829001368,
                "hits_at_3": 0.3686730506155951,
                "hits_at_5": 0.4630642954856361,
                "hits_at_10": 0.5444596443228454,
                "z_hits_at_k": 1873.8120962353157,
                "adjusted_hits_at_k": 0.5443472345188322
            },
            "realistic": {
                "inverse_harmonic_mean_rank": 0.24128617346286776,
                "adjusted_arithmetic_mean_rank": 0.06153014433948279,
                "inverse_geometric_mean_rank": 0.045156728476285934,
                "variance": 23263768.0,
                "arithmetic_mean_rank": 1247.0960693359375,
                "median_rank": 7.0,
                "inverse_median_rank": 0.1428571492433548,
                "z_arithmetic_mean_rank": 87.89813073564383,
                "adjusted_geometric_mean_rank_index": 0.9985823733655936,
                "z_geometric_mean_rank": 54.051043463532665,
                "adjusted_inverse_harmonic_mean_rank": 0.24107672007760803,
                "count": 2924.0,
                "standard_deviation": 4823.2529296875,
                "inverse_arithmetic_mean_rank": 0.0008018628577701747,
                "geometric_mean_rank": 22.14509391784668,
                "adjusted_arithmetic_mean_rank_index": 0.9385161608620671,
                "median_absolute_deviation": 8.895613311033612,
                "z_inverse_harmonic_mean_rank": 2047.7454653794612,
                "harmonic_mean_rank": 4.144456292908524,
                "hits_at_1": 0.0646374829001368,
                "hits_at_3": 0.3686730506155951,
                "hits_at_5": 0.4630642954856361,
                "hits_at_10": 0.5444596443228454,
                "z_hits_at_k": 1873.8120962353157,
                "adjusted_hits_at_k": 0.5443472345188322
            },
            "pessimistic": {
                "inverse_harmonic_mean_rank": 0.241285554086993,
                "adjusted_arithmetic_mean_rank": 0.06153016278686714,
                "inverse_geometric_mean_rank": 0.04515626718399705,
                "variance": 23263772.825856023,
                "arithmetic_mean_rank": 1247.096443228454,
                "median_rank": 7.0,
                "inverse_median_rank": 0.14285714285714285,
                "z_arithmetic_mean_rank": 87.89812900784128,
                "adjusted_geometric_mean_rank_index": 0.9985823581888044,
                "z_geometric_mean_rank": 54.05104264204681,
                "adjusted_inverse_harmonic_mean_rank": 0.24107610053074605,
                "count": 2924.0,
                "standard_deviation": 4823.253344564851,
                "inverse_arithmetic_mean_rank": 0.0008018626028723356,
                "geometric_mean_rank": 22.14532029242644,
                "adjusted_arithmetic_mean_rank_index": 0.9385161424137726,
                "median_absolute_deviation": 8.895613311033612,
                "z_inverse_harmonic_mean_rank": 2047.7402028461202,
                "harmonic_mean_rank": 4.144466931656672,
                "hits_at_1": 0.0646374829001368,
                "hits_at_3": 0.3686730506155951,
                "hits_at_5": 0.4630642954856361,
                "hits_at_10": 0.5444596443228454,
                "z_hits_at_k": 1873.8120962353157,
                "adjusted_hits_at_k": 0.5443472345188322
            }
        },
        "tail": {
            "optimistic": {
                "inverse_harmonic_mean_rank": 0.2635382631029764,
                "adjusted_arithmetic_mean_rank": 0.03644891293030954,
                "inverse_geometric_mean_rank": 0.06741089466116042,
                "variance": 11187655.517097406,
                "arithmetic_mean_rank": 739.0762653898769,
                "median_rank": 6.0,
                "inverse_median_rank": 0.16666666666666666,
                "z_arithmetic_mean_rank": 90.24737326316034,
                "adjusted_geometric_mean_rank_index": 0.999072915578449,
                "z_geometric_mean_rank": 54.0775810279547,
                "adjusted_inverse_harmonic_mean_rank": 0.2633350352898341,
                "count": 2924.0,
                "standard_deviation": 3344.795287771347,
                "inverse_arithmetic_mean_rank": 0.0013530403380934996,
                "geometric_mean_rank": 14.834397392683794,
                "adjusted_arithmetic_mean_rank_index": 0.9635986087172302,
                "median_absolute_deviation": 5.930408874022408,
                "z_inverse_harmonic_mean_rank": 2237.3097325643835,
                "harmonic_mean_rank": 3.7945154082208337,
                "hits_at_1": 0.07831737346101231,
                "hits_at_3": 0.39705882352941174,
                "hits_at_5": 0.49555403556771543,
                "hits_at_10": 0.594733242134063,
                "z_hits_at_k": 2047.3690202182129,
                "adjusted_hits_at_k": 0.5946332825310078
            },
            "realistic": {
                "inverse_harmonic_mean_rank": 0.26353827118873596,
                "adjusted_arithmetic_mean_rank": 0.03644892035869689,
                "inverse_geometric_mean_rank": 0.06741088628768921,
                "variance": 11187656.0,
                "arithmetic_mean_rank": 739.076416015625,
                "median_rank": 6.0,
                "inverse_median_rank": 0.1666666716337204,
                "z_arithmetic_mean_rank": 90.2473725674085,
                "adjusted_geometric_mean_rank_index": 0.999072915455772,
                "z_geometric_mean_rank": 54.07758102131448,
                "adjusted_inverse_harmonic_mean_rank": 0.26333504337782493,
                "count": 2924.0,
                "standard_deviation": 3344.79541015625,
                "inverse_arithmetic_mean_rank": 0.0013530401047319174,
                "geometric_mean_rank": 14.834399223327637,
                "adjusted_arithmetic_mean_rank_index": 0.9635986012884765,
                "median_absolute_deviation": 5.930408874022408,