{
    "HP": {
        "training_loop": "LCWATrainingLoop",
        "dataset_kwargs": {
            "create_inverse_triples": true
        },
        "embedding_dim": 500,
        "random_seed": 1996,
        "model_kwargs": {},
        "evaluator_filtered": true,
        "loss": "NSSALoss",
        "loss_kwargs": {
            "reduction": "mean",
            "margin": 6,
            "adversarial_temperature": 0.5
        },
        "regularizer": "LpRegularizer",
        "regularizer_kwargs": {
            "weight": 0.0001,
            "p": 2.0,
            "dim": -1,
            "normalize": false
        },
        "optimizer": "Adam",
        "optimizer_kwargs": {
            "lr": 5e-05
        },
        "num_epochs": 100,
        "batch_size": 512,
        "negative_sampler": null,
        "negative_sampler_kwargs": null,
        "model": "RotatE"
    },
    "dataset": "WN18RR",
    "model": "RotatE",
    "results": {
        "head": {
            "optimistic": {
                "arithmetic_mean_rank": 14400.62585499316,
                "count": 2924.0,
                "standard_deviation": 12777.685930330286,
                "adjusted_arithmetic_mean_rank_index": 0.2895055995268242,
                "median_absolute_deviation": 12332.285253529597,
                "adjusted_arithmetic_mean_rank": 0.7105086843136624,
                "z_inverse_harmonic_mean_rank": 22.42458274096028,
                "z_arithmetic_mean_rank": 27.114078688357992,
                "harmonic_mean_rank": 343.02288303579684,
                "inverse_harmonic_mean_rank": 0.002915257405424008,
                "inverse_geometric_mean_rank": 0.00014381542246357586,
                "variance": 163269257.73416054,
                "adjusted_geometric_mean_rank_index": 0.533894399107286,
                "median_rank": 10032.0,
                "inverse_median_rank": 9.968102073365231e-05,
                "z_geometric_mean_rank": 28.898516678022172,
                "inverse_arithmetic_mean_rank": 6.94414263705954e-05,
                "adjusted_inverse_harmonic_mean_rank": 0.0026399984508318096,
                "geometric_mean_rank": 6953.357177344941,
                "hits_at_1": 0.0003419972640218878,
                "hits_at_3": 0.0030779753761969904,
                "hits_at_5": 0.003419972640218878,
                "hits_at_10": 0.005813953488372093,
                "z_hits_at_k": 19.168941041029797,
                "adjusted_hits_at_k": 0.005568626686370119
            },
            "realistic": {
                "arithmetic_mean_rank": 14400.630859375,
                "count": 2924.0,
                "standard_deviation": 12777.689453125,
                "adjusted_arithmetic_mean_rank_index": 0.2895053526047645,
                "median_absolute_deviation": 12332.285253529597,
                "adjusted_arithmetic_mean_rank": 0.7105089312235393,
                "z_inverse_harmonic_mean_rank": 22.424582314216742,
                "z_arithmetic_mean_rank": 27.114055562504248,
                "harmonic_mean_rank": 343.02288894559393,
                "inverse_harmonic_mean_rank": 0.002915257355198264,
                "inverse_geometric_mean_rank": 0.0001438153994968161,
                "variance": 163269344.0,
                "adjusted_geometric_mean_rank_index": 0.5338943172418027,
                "median_rank": 10032.0,
                "inverse_median_rank": 9.968101949198171e-05,
                "z_geometric_mean_rank": 28.898512246825593,
                "inverse_arithmetic_mean_rank": 6.944140477571636e-05,
                "adjusted_inverse_harmonic_mean_rank": 0.0026399984005922006,
                "geometric_mean_rank": 6953.3583984375,
                "hits_at_1": 0.0003419972640218878,
                "hits_at_3": 0.0030779753761969904,
                "hits_at_5": 0.003419972640218878,
                "hits_at_10": 0.005813953488372093,
                "z_hits_at_k": 19.168941041029797,
                "adjusted_hits_at_k": 0.005568626686370119
            },
            "pessimistic": {
                "arithmetic_mean_rank": 14400.636456908345,
                "count": 2924.0,
                "standard_deviation": 12777.692209147466,
                "adjusted_arithmetic_mean_rank_index": 0.28950507641591494,
                "median_absolute_deviation": 12332.285253529597,
                "adjusted_arithmetic_mean_rank": 0.710509207398762,
                "z_inverse_harmonic_mean_rank": 22.42458198167845,
                "z_arithmetic_mean_rank": 27.114029695625632,
                "harmonic_mean_rank": 343.02289355078113,
                "inverse_harmonic_mean_rank": 0.002915257316060043,
                "inverse_geometric_mean_rank": 0.00014381531572392372,
                "variance": 163269418.19170785,
                "adjusted_geometric_mean_rank_index": 0.5338940531141936,
                "median_rank": 10032.0,
                "inverse_median_rank": 9.968102073365231e-05,
                "z_geometric_mean_rank": 28.898497950185416,
                "inverse_arithmetic_mean_rank": 6.944137524701383e-05,
                "adjusted_inverse_harmonic_mean_rank": 0.0026399983614431746,
                "geometric_mean_rank": 6953.362338123003,
                "hits_at_1": 0.0003419972640218878,
                "hits_at_3": 0.0030779753761969904,
                "hits_at_5": 0.003419972640218878,
                "hits_at_10": 0.005813953488372093,
                "z_hits_at_k": 19.168941041029797,
                "adjusted_hits_at_k": 0.005568626686370119
            }
        },
        "tail": {
            "optimistic": {
                "arithmetic_mean_rank": 9309.719562243503,
                "count": 2924.0,
                "standard_deviation": 11655.15102495522,
                "adjusted_arithmetic_mean_rank_index": 0.5409006372155776,
                "median_absolute_deviation": 5845.900547567589,
                "adjusted_arithmetic_mean_rank": 0.4591260382997285,
                "z_inverse_harmonic_mean_rank": 109.12894801434719,
                "z_arithmetic_mean_rank": 50.6589167558671,
                "harmonic_mean_rank": 76.23701045093824,
                "inverse_harmonic_mean_rank": 0.01311698863957346,
                "inverse_geometric_mean_rank": 0.0003999995125165929,
                "variance": 135842545.41451472,
                "adjusted_geometric_mean_rank_index": 0.832534318025391,
                "median_rank": 4216.5,
                "inverse_median_rank": 0.00023716352424997035,
                "z_geometric_mean_rank": 45.06321945030841,
                "inverse_arithmetic_mean_rank": 0.00010741462117243573,
                "adjusted_inverse_harmonic_mean_rank": 0.012844656668776013,
                "geometric_mean_rank": 2500.0030467750075,
                "hits_at_1": 0.003761969904240766,
                "hits_at_3": 0.008891928864569083,
                "hits_at_5": 0.016073871409028728,
                "hits_at_10": 0.03112175102599179,
                "z_hits_at_k": 106.33181902137599,
                "adjusted_hits_at_k": 0.030882775873708808
            },
            "realistic": {
                "arithmetic_mean_rank": 9309.72265625,
                "count": 2924.0,
                "standard_deviation": 11655.1533203125,
                "adjusted_arithmetic_mean_rank_index": 0.5409004846213994,
                "median_absolute_deviation": 5845.900547567589,
                "adjusted_arithmetic_mean_rank": 0.4591261908863811,
                "z_inverse_harmonic_mean_rank": 109.1289534973494,
                "z_arithmetic_mean_rank": 50.65890246441459,
                "harmonic_mean_rank": 76.23700670109754,
                "inverse_harmonic_mean_rank": 0.0131169892847538,
                "inverse_geometric_mean_rank": 0.0003999993787147105,
                "variance": 135842592.0,
                "adjusted_geometric_mean_rank_index": 0.8325342604293966,
                "median_rank": 4216.5,