{
    "HP": {
        "training_loop": "SLCWATrainingLoop",
        "dataset_kwargs": {
            "create_inverse_triples": false
        },
        "embedding_dim": 200,
        "random_seed": 1996,
        "model_kwargs": {},
        "evaluator_filtered": true,
        "loss": "CrossEntropyLoss",
        "loss_kwargs": {
            "reduction": "mean"
        },
        "regularizer": "LpRegularizer",
        "regularizer_kwargs": {
            "weight": 0.05,
            "p": 3.0,
            "dim": -1,
            "normalize": false
        },
        "optimizer": "Adam",
        "optimizer_kwargs": {
            "lr": 0.0005
        },
        "num_epochs": 4000,
        "batch_size": 4096,
        "label_smoothing": 0.0,
        "negative_sampler": "basic",
        "negative_sampler_kwargs": {
            "corruption_scheme": [
                "head",
                "tail"
            ],
            "num_negs_per_pos": 20
        },
        "model": "ComplEx"
    },
    "dataset": "WN18RR",
    "model": "ComplEx",
    "results": {
        "head": {
            "optimistic": {
                "inverse_geometric_mean_rank": 0.06724319449519083,
                "variance": 36069861.85815056,
                "arithmetic_mean_rank": 1799.1166210670315,
                "median_rank": 3.0,
                "inverse_median_rank": 0.3333333333333333,
                "z_arithmetic_mean_rank": 85.3471769996982,
                "adjusted_geometric_mean_rank_index": 0.9990700227276529,
                "z_geometric_mean_rank": 54.07743883918384,
                "adjusted_inverse_harmonic_mean_rank": 0.4788286223622902,
                "count": 2924.0,
                "standard_deviation": 6005.818999782674,
                "inverse_arithmetic_mean_rank": 0.0005558283372463724,
                "geometric_mean_rank": 14.87139341768659,
                "adjusted_arithmetic_mean_rank_index": 0.9112788204685974,
                "median_absolute_deviation": 2.965204437011204,
                "z_inverse_harmonic_mean_rank": 4067.249379453242,
                "harmonic_mean_rank": 2.0878027135679935,
                "inverse_harmonic_mean_rank": 0.4789724591798376,
                "adjusted_arithmetic_mean_rank": 0.08876614087699215,
                "hits_at_1": 0.4240766073871409,
                "hits_at_3": 0.5006839945280438,
                "hits_at_5": 0.5338577291381669,
                "hits_at_10": 0.5810533515731874,
                "z_hits_at_k": 1999.8100756675622,
                "adjusted_hits_at_k": 0.5809499716858628
            },
            "realistic": {
                "inverse_geometric_mean_rank": 0.06724318861961365,
                "variance": 36069864.0,
                "arithmetic_mean_rank": 1799.1165771484375,
                "median_rank": 3.0,
                "inverse_median_rank": 0.3333333432674408,
                "z_arithmetic_mean_rank": 85.34717720265134,
                "adjusted_geometric_mean_rank_index": 0.9990700226141228,
                "z_geometric_mean_rank": 54.07743883303871,
                "adjusted_inverse_harmonic_mean_rank": 0.47882859817333523,
                "count": 2924.0,
                "standard_deviation": 6005.8193359375,
                "inverse_arithmetic_mean_rank": 0.0005558283301070333,
                "geometric_mean_rank": 14.871395111083984,
                "adjusted_arithmetic_mean_rank_index": 0.9112788226355923,
                "median_absolute_deviation": 2.965204437011204,
                "z_inverse_harmonic_mean_rank": 4067.249173988265,
                "harmonic_mean_rank": 2.087802818976623,
                "inverse_harmonic_mean_rank": 0.47897243499755854,
                "adjusted_arithmetic_mean_rank": 0.08876613871010422,
                "hits_at_1": 0.4240766073871409,
                "hits_at_3": 0.5006839945280438,
                "hits_at_5": 0.5338577291381669,
                "hits_at_10": 0.5810533515731874,
                "z_hits_at_k": 1999.8100756675622,
                "adjusted_hits_at_k": 0.5809499716858628
            },
            "pessimistic": {
                "inverse_geometric_mean_rank": 0.06724319449519083,
                "variance": 36069861.85815056,
                "arithmetic_mean_rank": 1799.1166210670315,
                "median_rank": 3.0,
                "inverse_median_rank": 0.3333333333333333,
                "z_arithmetic_mean_rank": 85.3471769996982,
                "adjusted_geometric_mean_rank_index": 0.9990700227276529,
                "z_geometric_mean_rank": 54.07743883918384,
                "adjusted_inverse_harmonic_mean_rank": 0.4788286223622902,
                "count": 2924.0,
                "standard_deviation": 6005.818999782674,
                "inverse_arithmetic_mean_rank": 0.0005558283372463724,
                "geometric_mean_rank": 14.87139341768659,
                "adjusted_arithmetic_mean_rank_index": 0.9112788204685974,
                "median_absolute_deviation": 2.965204437011204,
                "z_inverse_harmonic_mean_rank": 4067.249379453242,
                "harmonic_mean_rank": 2.0878027135679935,
                "inverse_harmonic_mean_rank": 0.4789724591798376,
                "adjusted_arithmetic_mean_rank": 0.08876614087699215,
                "hits_at_1": 0.4240766073871409,
                "hits_at_3": 0.5006839945280438,
                "hits_at_5": 0.5338577291381669,
                "hits_at_10": 0.5810533515731874,
                "z_hits_at_k": 1999.8100756675622,
                "adjusted_hits_at_k": 0.5809499716858628
            }
        },
        "tail": {
            "optimistic": {
                "inverse_geometric_mean_rank": 0.0867051797994399,
                "variance": 38770966.232567035,
                "arithmetic_mean_rank": 1770.0978112175103,
                "median_rank": 2.0,
                "inverse_median_rank": 0.5,
                "z_arithmetic_mean_rank": 85.4850059342034,
                "adjusted_geometric_mean_rank_index": 0.9992941295714305,
                "z_geometric_mean_rank": 54.08955484632516,
                "adjusted_inverse_harmonic_mean_rank": 0.5238416580539006,
                "count": 2924.0,
                "standard_deviation": 6226.633619586673,
                "inverse_arithmetic_mean_rank": 0.0005649405324738406,
                "geometric_mean_rank": 11.533336327923282,
                "adjusted_arithmetic_mean_rank_index": 0.9127493666124014,
                "median_absolute_deviation": 1.482602218505602,
                "z_inverse_harmonic_mean_rank": 4450.589108269332,
                "harmonic_mean_rank": 1.9084952177769776,
                "inverse_harmonic_mean_rank": 0.5239730184730584,
                "adjusted_arithmetic_mean_rank": 0.08729564731071965,
                "hits_at_1": 0.46716826265389877,
                "hits_at_3": 0.5533515731874145,
                "hits_at_5": 0.5872093023255814,
                "hits_at_10": 0.6238030095759234,
                "z_hits_at_k": 2147.4831962508165,
                "adjusted_hits_at_k": 0.6237102200709777
            },
            "realistic": {
                "inverse_geometric_mean_rank": 0.08670517802238464,
                "variance": 38770968.0,
                "arithmetic_mean_rank": 1770.0977783203125,
                "median_rank": 2.0,
                "inverse_median_rank": 0.5,
                "z_arithmetic_mean_rank": 85.48500608615808,
                "adjusted_geometric_mean_rank_index": 0.9992941295505572,
                "z_geometric_mean_rank": 54.08955484519533,
                "adjusted_inverse_harmonic_mean_rank": 0.5238416873222235,
                "count": 2924.0,
                "standard_deviation": 6226.6337890625,
                "inverse_arithmetic_mean_rank": 0.0005649405648000538,
                "geometric_mean_rank": 11.533336639404297,
                "adjusted_arithmetic_mean_rank_index": 0.9127493682348675,