{
    "HP": {
        "training_loop": "LCWATrainingLoop",
        "dataset_kwargs": {
            "create_inverse_triples": false
        },
        "embedding_dim": 350,
        "random_seed": 1996,
        "model_kwargs": {
            "scoring_fct_norm": 1
        },
        "evaluator_filtered": true,
        "loss": "SoftplusLoss",
        "loss_kwargs": {
            "reduction": "mean"
        },
        "regularizer": "LpRegularizer",
        "regularizer_kwargs": {
            "weight": 0.0001,
            "p": 2.0,
            "dim": -1,
            "normalize": false
        },
        "optimizer": "Adam",
        "optimizer_kwargs": {
            "lr": 0.0001
        },
        "num_epochs": 100,
        "batch_size": 512,
        "negative_sampler": null,
        "negative_sampler_kwargs": null,
        "model": "TransE"
    },
    "dataset": "WN18RR",
    "model": "TransE",
    "results": {
        "head": {
            "optimistic": {
                "adjusted_inverse_harmonic_mean_rank": 0.1374313391787328,
                "geometric_mean_rank": 256.3370681954334,
                "arithmetic_mean_rank": 8047.259917920656,
                "count": 2924.0,
                "standard_deviation": 11651.918245203567,
                "adjusted_arithmetic_mean_rank_index": 0.6029881141354767,
                "median_absolute_deviation": 588.593080746724,
                "adjusted_arithmetic_mean_rank": 0.3970416365361915,
                "z_inverse_harmonic_mean_rank": 1167.364486764545,
                "z_arithmetic_mean_rank": 56.473751117546335,
                "harmonic_mean_rank": 7.263778435051512,
                "inverse_harmonic_mean_rank": 0.13766939739990958,
                "inverse_geometric_mean_rank": 0.0039011135105812794,
                "variance": 135767198.7929078,
                "adjusted_geometric_mean_rank_index": 0.9828814839966454,
                "median_rank": 399.0,
                "inverse_median_rank": 0.002506265664160401,
                "z_geometric_mean_rank": 53.20118923384416,
                "inverse_arithmetic_mean_rank": 0.00012426590046794357,
                "hits_at_1": 0.0,
                "hits_at_3": 0.25170998632010944,
                "hits_at_5": 0.332421340629275,
                "hits_at_10": 0.37175102599179205,
                "z_hits_at_k": 1279.1487353634968,
                "adjusted_hits_at_k": 0.3715959983566776
            },
            "realistic": {
                "adjusted_inverse_harmonic_mean_rank": 0.13743134116005395,
                "geometric_mean_rank": 256.3373718261719,
                "arithmetic_mean_rank": 8047.2666015625,
                "count": 2924.0,
                "standard_deviation": 11651.9248046875,
                "adjusted_arithmetic_mean_rank_index": 0.6029877843567621,
                "median_absolute_deviation": 588.9637313013503,
                "adjusted_arithmetic_mean_rank": 0.39704196629863525,
                "z_inverse_harmonic_mean_rank": 1167.364503594214,
                "z_arithmetic_mean_rank": 56.473720231628995,
                "harmonic_mean_rank": 7.263778330540954,
                "inverse_harmonic_mean_rank": 0.1376693993806839,
                "inverse_geometric_mean_rank": 0.003901108866557479,
                "variance": 135767344.0,
                "adjusted_geometric_mean_rank_index": 0.9828814636403859,
                "median_rank": 399.25,
                "inverse_median_rank": 0.0025046963710337877,
                "z_geometric_mean_rank": 53.201188132005086,
                "inverse_arithmetic_mean_rank": 0.0001242658036062494,
                "hits_at_1": 0.0,
                "hits_at_3": 0.25170998632010944,
                "hits_at_5": 0.332421340629275,
                "hits_at_10": 0.37175102599179205,
                "z_hits_at_k": 1279.1487353634968,
                "adjusted_hits_at_k": 0.3715959983566776
            },
            "pessimistic": {
                "adjusted_inverse_harmonic_mean_rank": 0.137431336886307,
                "geometric_mean_rank": 256.3375821985381,
                "arithmetic_mean_rank": 8047.2746238030095,
                "count": 2924.0,
                "standard_deviation": 11651.931301030692,
                "adjusted_arithmetic_mean_rank_index": 0.6029873885300221,
                "median_absolute_deviation": 589.3343818559767,
                "adjusted_arithmetic_mean_rank": 0.39704236210584576,
                "z_inverse_harmonic_mean_rank": 1167.3644672923015,
                "z_arithmetic_mean_rank": 56.47368315988532,
                "harmonic_mean_rank": 7.263778555972198,
                "inverse_harmonic_mean_rank": 0.13766939510811643,
                "inverse_geometric_mean_rank": 0.0039011056881447918,
                "variance": 135767503.04393882,
                "adjusted_geometric_mean_rank_index": 0.9828814495364301,
                "median_rank": 399.5,
                "inverse_median_rank": 0.0025031289111389237,
                "z_geometric_mean_rank": 53.20118736858932,
                "inverse_arithmetic_mean_rank": 0.0001242656733799171,
                "hits_at_1": 0.0,
                "hits_at_3": 0.25170998632010944,
                "hits_at_5": 0.332421340629275,
                "hits_at_10": 0.37175102599179205,
                "z_hits_at_k": 1279.1487353634968,
                "adjusted_hits_at_k": 0.3715959983566776
            }
        },
        "tail": {
            "optimistic": {
                "adjusted_inverse_harmonic_mean_rank": 0.14653308337081714,
                "geometric_mean_rank": 157.6350443241949,
                "arithmetic_mean_rank": 6754.100889192887,
                "count": 2924.0,
                "standard_deviation": 10854.369606529108,
                "adjusted_arithmetic_mean_rank_index": 0.6669419145869989,
                "median_absolute_deviation": 65.23449761424648,
                "adjusted_arithmetic_mean_rank": 0.33309097688701084,
                "z_inverse_harmonic_mean_rank": 1244.9535748532944,
                "z_arithmetic_mean_rank": 62.46351475196297,
                "harmonic_mean_rank": 6.813449537712361,
                "inverse_harmonic_mean_rank": 0.1467685339804767,
                "inverse_geometric_mean_rank": 0.006343767049307786,
                "variance": 117817339.55514285,
                "adjusted_geometric_mean_rank_index": 0.9895034163512823,
                "median_rank": 46.0,
                "inverse_median_rank": 0.021739130434782608,
                "z_geometric_mean_rank": 53.559605451012516,
                "inverse_arithmetic_mean_rank": 0.00014805819699852007,
                "hits_at_1": 0.0,
                "hits_at_3": 0.271203830369357,
                "hits_at_5": 0.35533515731874143,
                "hits_at_10": 0.4107387140902873,
                "z_hits_at_k": 1413.705176623614,
                "adjusted_hits_at_k": 0.41059337198390405
            },
            "realistic": {
                "adjusted_inverse_harmonic_mean_rank": 0.14653308953600794,
                "geometric_mean_rank": 157.63516235351562,
                "arithmetic_mean_rank": 6754.10791015625,
                "count": 2924.0,
                "standard_deviation": 10854.3759765625,
                "adjusted_arithmetic_mean_rank_index": 0.6669415683181287,
                "median_absolute_deviation": 65.23449761424648,
                "adjusted_arithmetic_mean_rank": 0.3330913231388042,
                "z_inverse_harmonic_mean_rank": 1244.9536272331131,
                "z_arithmetic_mean_rank": 62.46348232159653,
                "harmonic_mean_rank": 6.813449251584095,
                "inverse_harmonic_mean_rank": 0.14676854014396667,
                "inverse_geometric_mean_rank": 0.006343762390315533,
                "variance": 117817480.0,
                "adjusted_geometric_mean_rank_index": 0.9895034084417837,
                "median_rank": 46.0,