{
    "HP": {
        "training_loop": "SLCWATrainingLoop",
        "dataset_kwargs": {
            "create_inverse_triples": false
        },
        "embedding_dim": 128,
        "random_seed": 1996,
        "model_kwargs": {},
        "evaluator_filtered": true,
        "loss": "SoftplusLoss",
        "loss_kwargs": {
            "reduction": "mean"
        },
        "regularizer": "NoRegularizer",
        "regularizer_kwargs": null,
        "optimizer": "Adam",
        "optimizer_kwargs": {
            "lr": 0.0018284636926060019
        },
        "num_epochs": 1000,
        "batch_size": 512,
        "label_smoothing": 0.6628146051390186,
        "negative_sampler": null,
        "negative_sampler_kwargs": null,
        "model": "ComplEx"
    },
    "dataset": "WN18RR",
    "model": "ComplEx",
    "results": {
        "head": {
            "optimistic": {
                "adjusted_arithmetic_mean_rank_index": -0.3626349015498096,
                "median_absolute_deviation": 10820.030990653882,
                "adjusted_arithmetic_mean_rank": 1.362617009601961,
                "z_inverse_harmonic_mean_rank": -1.1912690204656413,
                "z_arithmetic_mean_rank": -33.96311253335692,
                "harmonic_mean_rank": 7364.817038742232,
                "inverse_harmonic_mean_rank": 0.00013578069824946807,
                "variance": 151642122.88822305,
                "inverse_geometric_mean_rank": 4.526304204466163e-05,
                "adjusted_geometric_mean_rank_index": -0.481115234542838,
                "median_rank": 32228.0,
                "inverse_median_rank": 3.1028918952463693e-05,
                "z_geometric_mean_rank": -26.04169785773093,
                "inverse_arithmetic_mean_rank": 3.620880712611119e-05,
                "adjusted_inverse_harmonic_mean_rank": -0.00014024556910968619,
                "geometric_mean_rank": 22093.079802574626,
                "arithmetic_mean_rank": 27617.5902872777,
                "count": 2924.0,
                "standard_deviation": 12314.305619409608,
                "hits_at_1": 0.0,
                "hits_at_3": 0.0,
                "hits_at_5": 0.0,
                "hits_at_10": 0.0,
                "z_hits_at_k": -0.8494295229720188,
                "adjusted_hits_at_k": -0.000246761461662804
            },
            "realistic": {
                "adjusted_arithmetic_mean_rank_index": -0.36263487966563357,
                "median_absolute_deviation": 10820.030990653882,
                "adjusted_arithmetic_mean_rank": 1.3626169877188645,
                "z_inverse_harmonic_mean_rank": -1.191269086557934,
                "z_arithmetic_mean_rank": -33.96311048376177,
                "harmonic_mean_rank": 7364.817460666195,
                "inverse_harmonic_mean_rank": 0.0001357806904707104,
                "variance": 151642096.0,
                "inverse_geometric_mean_rank": 4.526301199803129e-05,
                "adjusted_geometric_mean_rank_index": -0.4811161696175068,
                "median_rank": 32228.0,
                "inverse_median_rank": 3.102891787420958e-05,
                "z_geometric_mean_rank": -26.041748471243558,
                "inverse_arithmetic_mean_rank": 3.6208806704962626e-05,
                "adjusted_inverse_harmonic_mean_rank": -0.0001402455768905913,
                "geometric_mean_rank": 22093.09375,
                "arithmetic_mean_rank": 27617.58984375,
                "count": 2924.0,
                "standard_deviation": 12314.3046875,
                "hits_at_1": 0.0,
                "hits_at_3": 0.0,
                "hits_at_5": 0.0,
                "hits_at_10": 0.0,
                "z_hits_at_k": -0.8494295229720188,
                "adjusted_hits_at_k": -0.000246761461662804
            },
            "pessimistic": {
                "adjusted_arithmetic_mean_rank_index": -0.3626350534207188,
                "median_absolute_deviation": 10820.030990653882,
                "adjusted_arithmetic_mean_rank": 1.362617161465377,
                "z_inverse_harmonic_mean_rank": -1.1912691008352947,
                "z_arithmetic_mean_rank": -33.9631267570534,
                "harmonic_mean_rank": 7364.8175518108765,
                "inverse_harmonic_mean_rank": 0.00013578068879033098,
                "variance": 151642098.65304765,
                "inverse_geometric_mean_rank": 4.5263035050359286e-05,
                "adjusted_geometric_mean_rank_index": -0.4811154634235717,
                "median_rank": 32228.0,
                "inverse_median_rank": 3.1028918952463693e-05,
                "z_geometric_mean_rank": -26.04171024653612,
                "inverse_arithmetic_mean_rank": 3.620880309064672e-05,
                "adjusted_inverse_harmonic_mean_rank": -0.0001402455785714346,
                "geometric_mean_rank": 22093.08321652333,
                "arithmetic_mean_rank": 27617.593365253077,
                "count": 2924.0,
                "standard_deviation": 12314.304635384316,
                "hits_at_1": 0.0,
                "hits_at_3": 0.0,
                "hits_at_5": 0.0,
                "hits_at_10": 0.0,
                "z_hits_at_k": -0.8494295229720188,
                "adjusted_hits_at_k": -0.000246761461662804
            }
        },
        "tail": {
            "optimistic": {
                "adjusted_arithmetic_mean_rank_index": -0.5572421527987925,
                "median_absolute_deviation": 5277.32259677069,
                "adjusted_arithmetic_mean_rank": 1.557214671371422,
                "z_inverse_harmonic_mean_rank": -1.6216569543788588,
                "z_arithmetic_mean_rank": -52.1894076087829,
                "harmonic_mean_rank": 11756.896129733159,
                "inverse_harmonic_mean_rank": 8.505646294441632e-05,
                "variance": 119402289.15139766,
                "inverse_geometric_mean_rank": 3.645644514521381e-05,
                "adjusted_geometric_mean_rank_index": -0.838098942352183,
                "median_rank": 36713.0,
                "inverse_median_rank": 2.7238307956309754e-05,
                "z_geometric_mean_rank": -45.36442011167154,
                "inverse_arithmetic_mean_rank": 3.16699106301983e-05,
                "adjusted_inverse_harmonic_mean_rank": -0.00019087169071574784,
                "geometric_mean_rank": 27429.992036162228,
                "arithmetic_mean_rank": 31575.71272229822,
                "count": 2924.0,
                "standard_deviation": 10927.135450400423,
                "hits_at_1": 0.0,
                "hits_at_3": 0.0,
                "hits_at_5": 0.0,
                "hits_at_10": 0.0,
                "z_hits_at_k": -0.8492400252939795,
                "adjusted_hits_at_k": -0.0002466513749648574
            },
            "realistic": {
                "adjusted_arithmetic_mean_rank_index": -0.5572422574272706,
                "median_absolute_deviation": 5277.32259677069,
                "adjusted_arithmetic_mean_rank": 1.5572147759947401,
                "z_inverse_harmonic_mean_rank": -1.621656970029699,
                "z_arithmetic_mean_rank": -52.18941740793083,
                "harmonic_mean_rank": 11756.896384290565,
                "inverse_harmonic_mean_rank": 8.505646110279486e-05,
                "variance": 119402280.0,
                "inverse_geometric_mean_rank": 3.6456425732467324e-05,
                "adjusted_geometric_mean_rank_index": -0.8380998686870895,
                "median_rank": 36713.0,
                "inverse_median_rank": 2.7238307666266337e-05,
                "z_geometric_mean_rank": -45.36447025210693,
                "inverse_arithmetic_mean_rank": 3.16699079121463e-05,
                "adjusted_inverse_harmonic_mean_rank": -0.0001908716925578775,
                "geometric_mean_rank": 27430.005859375,
                "arithmetic_mean_rank": 31575.71484375,
                "count": 2924.0,
                "standard_deviation": 10927.134765625,
                "hits_at_1": 0.0,