{
    "HP": {
        "training_loop": "LCWATrainingLoop",
        "dataset_kwargs": {
            "create_inverse_triples": false
        },
        "embedding_dim": 128,
        "random_seed": 1996,
        "model_kwargs": {},
        "evaluator_filtered": true,
        "loss": "CrossEntropyLoss",
        "loss_kwargs": {
            "reduction": "mean"
        },
        "regularizer": "NoRegularizer",
        "regularizer_kwargs": null,
        "optimizer": "Adam",
        "optimizer_kwargs": {
            "lr": 0.0018284636926060019
        },
        "num_epochs": 1000,
        "batch_size": 512,
        "label_smoothing": 0.6628146051390186,
        "negative_sampler": null,
        "negative_sampler_kwargs": null,
        "model": "ComplEx"
    },
    "dataset": "WN18RR",
    "model": "ComplEx",
    "results": {
        "head": {
            "optimistic": {
                "z_geometric_mean_rank": 53.86705074507624,
                "inverse_arithmetic_mean_rank": 0.00016219887534716884,
                "adjusted_inverse_harmonic_mean_rank": 0.4307212141366468,
                "geometric_mean_rank": 72.84745731468809,
                "arithmetic_mean_rank": 6165.270861833105,
                "count": 2924.0,
                "standard_deviation": 10780.704663814184,
                "adjusted_arithmetic_mean_rank_index": 0.6958476578185746,
                "median_absolute_deviation": 31.134646588617642,
                "adjusted_arithmetic_mean_rank": 0.30418667442564984,
                "z_inverse_harmonic_mean_rank": 3658.6171107982404,
                "z_arithmetic_mean_rank": 65.17065017063442,
                "harmonic_mean_rank": 2.3208407919715657,
                "inverse_harmonic_mean_rank": 0.4308783280004722,
                "inverse_geometric_mean_rank": 0.013727315089120784,
                "variance": 116223593.04838489,
                "adjusted_geometric_mean_rank_index": 0.9951831441610333,
                "median_rank": 22.0,
                "inverse_median_rank": 0.045454545454545456,
                "hits_at_1": 0.4062927496580027,
                "hits_at_3": 0.4415184678522572,
                "hits_at_5": 0.45588235294117646,
                "hits_at_10": 0.4777701778385773,
                "z_hits_at_k": 1644.1896103541183,
                "adjusted_hits_at_k": 0.4776413116443368
            },
            "realistic": {
                "z_geometric_mean_rank": 53.867010764209006,
                "inverse_arithmetic_mean_rank": 0.00016219833923969418,
                "adjusted_inverse_harmonic_mean_rank": 0.4306070231217751,
                "geometric_mean_rank": 72.85847473144531,
                "arithmetic_mean_rank": 6165.29150390625,
                "count": 2924.0,
                "standard_deviation": 10780.720703125,
                "adjusted_arithmetic_mean_rank_index": 0.6958466393145155,
                "median_absolute_deviation": 31.134646588617642,
                "adjusted_arithmetic_mean_rank": 0.30418769287945724,
                "z_inverse_harmonic_mean_rank": 3657.647153463433,
                "z_arithmetic_mean_rank": 65.17055478111777,
                "harmonic_mean_rank": 2.3214558524681705,
                "inverse_harmonic_mean_rank": 0.4307641685009002,
                "inverse_geometric_mean_rank": 0.013725238852202892,
                "variance": 116223936.0,
                "adjusted_geometric_mean_rank_index": 0.9951824055223922,
                "median_rank": 22.0,
                "inverse_median_rank": 0.04545454680919647,
                "hits_at_1": 0.4059507523939809,
                "hits_at_3": 0.4415184678522572,
                "hits_at_5": 0.45588235294117646,
                "hits_at_10": 0.4777701778385773,
                "z_hits_at_k": 1644.1896103541183,
                "adjusted_hits_at_k": 0.4776413116443368
            },
            "pessimistic": {
                "z_geometric_mean_rank": 53.86698136169729,
                "inverse_arithmetic_mean_rank": 0.00016219779566317266,
                "adjusted_inverse_harmonic_mean_rank": 0.4305498125413764,
                "geometric_mean_rank": 72.8665771000949,
                "arithmetic_mean_rank": 6165.311901504788,
                "count": 2924.0,
                "standard_deviation": 10780.736731719258,
                "adjusted_arithmetic_mean_rank_index": 0.6958456328731197,
                "median_absolute_deviation": 31.134646588617642,
                "adjusted_arithmetic_mean_rank": 0.30418869927119646,
                "z_inverse_harmonic_mean_rank": 3657.1611973472823,
                "z_arithmetic_mean_rank": 65.17046052134785,
                "harmonic_mean_rank": 2.321764125123083,
                "inverse_harmonic_mean_rank": 0.43070697370991007,
                "inverse_geometric_mean_rank": 0.013723713117830777,
                "variance": 116224284.47864082,
                "adjusted_geometric_mean_rank_index": 0.9951818623167841,
                "median_rank": 22.0,
                "inverse_median_rank": 0.045454545454545456,
                "hits_at_1": 0.4059507523939809,
                "hits_at_3": 0.4415184678522572,
                "hits_at_5": 0.45588235294117646,
                "hits_at_10": 0.4777701778385773,
                "z_hits_at_k": 1644.1896103541183,
                "adjusted_hits_at_k": 0.4776413116443368
            }
        },
        "tail": {
            "optimistic": {
                "z_geometric_mean_rank": 53.99190060831479,
                "inverse_arithmetic_mean_rank": 0.00017004381594141002,
                "adjusted_inverse_harmonic_mean_rank": 0.5037606297550372,
                "geometric_mean_rank": 38.45562568721488,
                "arithmetic_mean_rank": 5880.837209302325,
                "count": 2924.0,
                "standard_deviation": 11693.807674477614,
                "adjusted_arithmetic_mean_rank_index": 0.7100106520540359,
                "median_absolute_deviation": 1.482602218505602,
                "adjusted_arithmetic_mean_rank": 0.2900243634344166,
                "z_inverse_harmonic_mean_rank": 4279.979527195172,
                "z_arithmetic_mean_rank": 66.49718643952903,
                "harmonic_mean_rank": 1.9845304657970393,
                "inverse_harmonic_mean_rank": 0.503897530037854,
                "inverse_geometric_mean_rank": 0.026003997650010005,
                "variance": 136745137.92767155,
                "adjusted_geometric_mean_rank_index": 0.9974899862936982,
                "median_rank": 2.0,
                "inverse_median_rank": 0.5,
                "hits_at_1": 0.47606019151846785,
                "hits_at_3": 0.5191518467852257,
                "hits_at_5": 0.5324897400820794,
                "hits_at_10": 0.551641586867305,
                "z_hits_at_k": 1898.9644769228232,
                "adjusted_hits_at_k": 0.5515309986482287
            },
            "realistic": {
                "z_geometric_mean_rank": 53.991900615788786,
                "inverse_arithmetic_mean_rank": 0.0001700438151601702,
                "adjusted_inverse_harmonic_mean_rank": 0.503760647443926,
                "geometric_mean_rank": 38.455623626708984,
                "arithmetic_mean_rank": 5880.83740234375,
                "count": 2924.0,
                "standard_deviation": 11693.80859375,
                "adjusted_arithmetic_mean_rank_index": 0.7100106425333714,
                "median_absolute_deviation": 1.482602218505602,
                "adjusted_arithmetic_mean_rank": 0.2900243729546115,
                "z_inverse_harmonic_mean_rank": 4279.979677480996,
                "z_arithmetic_mean_rank": 66.49718554785593,
                "harmonic_mean_rank": 1.984530396151028,
                "inverse_harmonic_mean_rank": 0.5038975477218628,
                "inverse_geometric_mean_rank": 0.026003999635577202,
                "variance": 136745152.0,
                "adjusted_geometric_mean_rank_index": 0.9974899864317789,