{
    "HP": {
        "training_loop": "LCWATrainingLoop",
        "dataset_kwargs": {
            "create_inverse_triples": false
        },
        "embedding_dim": 128,
        "random_seed": 1996,
        "model_kwargs": {},
        "evaluator_filtered": true,
        "loss": "CrossEntropyLoss",
        "loss_kwargs": {
            "reduction": "mean"
        },
        "regularizer": "NoRegularizer",
        "regularizer_kwargs": null,
        "optimizer": "Adam",
        "optimizer_kwargs": {
            "lr": 0.0018284636926060019
        },
        "num_epochs": 201,
        "batch_size": 512,
        "label_smoothing": 0.6628146051390186,
        "negative_sampler": null,
        "negative_sampler_kwargs": null,
        "model": "ComplEx"
    },
    "dataset": "WN18RR",
    "model": "ComplEx",
    "results": {
        "head": {
            "optimistic": {
                "z_arithmetic_mean_rank": 61.95440056319467,
                "adjusted_geometric_mean_rank_index": 0.9937609891049201,
                "z_geometric_mean_rank": 53.7900726541344,
                "adjusted_inverse_harmonic_mean_rank": 0.4191421815503758,
                "count": 2924.0,
                "standard_deviation": 11221.062341476121,
                "inverse_arithmetic_mean_rank": 0.00014574582685435646,
                "geometric_mean_rank": 94.0600964521058,
                "adjusted_arithmetic_mean_rank_index": 0.6615067428447772,
                "median_absolute_deviation": 84.50832645481931,
                "z_inverse_harmonic_mean_rank": 3560.2628961549335,
                "harmonic_mean_rank": 2.384913090825529,
                "inverse_harmonic_mean_rank": 0.4193024910831672,
                "adjusted_arithmetic_mean_rank": 0.3385258950620927,
                "inverse_geometric_mean_rank": 0.010631500899100048,
                "variance": 125912240.07129358,
                "arithmetic_mean_rank": 6861.259917920656,
                "median_rank": 58.0,
                "inverse_median_rank": 0.017241379310344827,
                "hits_at_1": 0.4008207934336525,
                "hits_at_3": 0.42441860465116277,
                "hits_at_5": 0.43912448700410395,
                "hits_at_10": 0.45690834473324216,
                "z_hits_at_k": 1572.3589865656413,
                "adjusted_hits_at_k": 0.45677433064257167
            },
            "realistic": {
                "z_arithmetic_mean_rank": 61.954396754157884,
                "adjusted_geometric_mean_rank_index": 0.9937609895970665,
                "z_geometric_mean_rank": 53.790072680773186,
                "adjusted_inverse_harmonic_mean_rank": 0.4191421838016464,
                "count": 2924.0,
                "standard_deviation": 11221.0625,
                "inverse_arithmetic_mean_rank": 0.00014574581291526556,
                "geometric_mean_rank": 94.06008911132812,
                "adjusted_arithmetic_mean_rank_index": 0.6615067021744859,
                "median_absolute_deviation": 84.50832645481931,
                "z_inverse_harmonic_mean_rank": 3560.2629152775976,
                "harmonic_mean_rank": 2.3849130780242622,
                "inverse_harmonic_mean_rank": 0.4193024933338165,
                "adjusted_arithmetic_mean_rank": 0.33852593573037726,
                "inverse_geometric_mean_rank": 0.0106315016746521,
                "variance": 125912240.0,
                "arithmetic_mean_rank": 6861.2607421875,
                "median_rank": 58.0,
                "inverse_median_rank": 0.017241379246115685,
                "hits_at_1": 0.4008207934336525,
                "hits_at_3": 0.42441860465116277,
                "hits_at_5": 0.43912448700410395,
                "hits_at_10": 0.45690834473324216,
                "z_hits_at_k": 1572.3589865656413,
                "adjusted_hits_at_k": 0.45677433064257167
            },
            "pessimistic": {
                "z_arithmetic_mean_rank": 61.95439582196249,
                "adjusted_geometric_mean_rank_index": 0.9937609887002232,
                "z_geometric_mean_rank": 53.79007263222906,
                "adjusted_inverse_harmonic_mean_rank": 0.41914218154632743,
                "count": 2924.0,
                "standard_deviation": 11221.063188882103,
                "inverse_arithmetic_mean_rank": 0.0001457458050604,
                "geometric_mean_rank": 94.06010248849852,
                "adjusted_arithmetic_mean_rank_index": 0.6615066922211408,
                "median_absolute_deviation": 84.50832645481931,
                "z_inverse_harmonic_mean_rank": 3560.262896120546,
                "harmonic_mean_rank": 2.3849130908485487,
                "inverse_harmonic_mean_rank": 0.41930249107911993,
                "adjusted_arithmetic_mean_rank": 0.33852594568323136,
                "inverse_geometric_mean_rank": 0.010631500216813798,
                "variance": 125912259.088885,
                "arithmetic_mean_rank": 6861.260943912449,
                "median_rank": 58.0,
                "inverse_median_rank": 0.017241379310344827,
                "hits_at_1": 0.4008207934336525,
                "hits_at_3": 0.42441860465116277,
                "hits_at_5": 0.43912448700410395,
                "hits_at_10": 0.45690834473324216,
                "z_hits_at_k": 1572.3589865656413,
                "adjusted_hits_at_k": 0.45677433064257167
            }
        },
        "tail": {
            "optimistic": {
                "z_arithmetic_mean_rank": 63.09453051221823,
                "adjusted_geometric_mean_rank_index": 0.9963328290415824,
                "z_geometric_mean_rank": 53.92926627593761,
                "adjusted_inverse_harmonic_mean_rank": 0.4826002653112417,
                "count": 2924.0,
                "standard_deviation": 11862.206169346156,
                "inverse_arithmetic_mean_rank": 0.00015111469569226475,
                "geometric_mean_rank": 55.72327995845667,
                "adjusted_arithmetic_mean_rank_index": 0.6736794614725747,
                "median_absolute_deviation": 5.930408874022408,
                "z_inverse_harmonic_mean_rank": 4100.1998436349995,
                "harmonic_mean_rank": 2.0714955852897936,
                "inverse_harmonic_mean_rank": 0.48274300322011265,
                "adjusted_arithmetic_mean_rank": 0.32635376227602053,
                "inverse_geometric_mean_rank": 0.017945820862403095,
                "variance": 140711935.204074,
                "arithmetic_mean_rank": 6617.490082079344,
                "median_rank": 5.0,
                "inverse_median_rank": 0.2,
                "hits_at_1": 0.4630642954856361,
                "hits_at_3": 0.49247606019151846,
                "hits_at_5": 0.503077975376197,
                "hits_at_10": 0.5150478796169631,
                "z_hits_at_k": 1772.9383965053103,
                "adjusted_hits_at_k": 0.5149282655096785
            },
            "realistic": {
                "z_arithmetic_mean_rank": 63.09453206416136,
                "adjusted_geometric_mean_rank_index": 0.9963328286584964,
                "z_geometric_mean_rank": 53.92926625520202,
                "adjusted_inverse_harmonic_mean_rank": 0.48260025711259463,
                "count": 2924.0,
                "standard_deviation": 11862.2060546875,
                "inverse_arithmetic_mean_rank": 0.00015111469838302583,
                "geometric_mean_rank": 55.72328567504883,
                "adjusted_arithmetic_mean_rank_index": 0.673679478043143,
                "median_absolute_deviation": 5.930408874022408,
                "z_inverse_harmonic_mean_rank": 4100.1997739788185,
                "harmonic_mean_rank": 2.0714956204612536,
                "inverse_harmonic_mean_rank": 0.48274299502372736,
                "adjusted_arithmetic_mean_rank": 0.32635374570626957,
                "inverse_geometric_mean_rank": 0.017945818603038788,
                "variance": 140711936.0,
                "arithmetic_mean_rank": 6617.48974609375,