{
    "HP": {
        "training_loop": "SLCWATrainingLoop",
        "dataset_kwargs": {
            "create_inverse_triples": false
        },
        "embedding_dim": 256,
        "random_seed": 1996,
        "model_kwargs": {},
        "evaluator_filtered": true,
        "loss": "SoftPlusLoss",
        "loss_kwargs": {
            "reduction": "mean"
        },
        "regularizer": "NoRegularizer",
        "regularizer_kwargs": null,
        "optimizer": "Adam",
        "optimizer_kwargs": {
            "lr": 0.001723135381847608,
            "weight_decay": 0.0
        },
        "num_epochs": 131,
        "batch_size": 8192,
        "label_smoothing": 0.0,
        "negative_sampler": "basic",
        "negative_sampler_kwargs": {
            "corruption_scheme": [
                "head",
                "tail"
            ],
            "num_negs_per_pos": 32
        },
        "model": "ComplEx"
    },
    "dataset": "YAGO310",
    "model": "ComplEx",
    "results": {
        "head": {
            "optimistic": {
                "z_geometric_mean_rank": 70.40547541536353,
                "inverse_arithmetic_mean_rank": 9.054772778546812e-05,
                "adjusted_inverse_harmonic_mean_rank": 0.19541964870633133,
                "geometric_mean_rank": 130.6123729024174,
                "arithmetic_mean_rank": 11043.899437976715,
                "count": 4982.0,
                "standard_deviation": 23445.888830537388,
                "adjusted_arithmetic_mean_rank_index": 0.8151479170134454,
                "median_absolute_deviation": 34.099851025628844,
                "adjusted_arithmetic_mean_rank": 0.1848657278874216,
                "z_inverse_harmonic_mean_rank": 3671.102397197451,
                "z_arithmetic_mean_rank": 98.97258346433249,
                "harmonic_mean_rank": 5.114982100013176,
                "inverse_harmonic_mean_rank": 0.1955041054781842,
                "inverse_geometric_mean_rank": 0.007656242496621021,
                "variance": 549709703.0539179,
                "adjusted_geometric_mean_rank_index": 0.9970211532775561,
                "median_rank": 24.0,
                "inverse_median_rank": 0.041666666666666664,
                "hits_at_1": 0.10658370132476917,
                "hits_at_3": 0.223203532717784,
                "hits_at_5": 0.293054997992774,
                "hits_at_10": 0.39542352468888,
                "z_hits_at_k": 3011.333611584445,
                "adjusted_hits_at_k": 0.39537160286875234
            },
            "realistic": {
                "z_geometric_mean_rank": 70.40547532795918,
                "inverse_arithmetic_mean_rank": 9.054771362571046e-05,
                "adjusted_inverse_harmonic_mean_rank": 0.19541965726083677,
                "geometric_mean_rank": 130.6124267578125,
                "arithmetic_mean_rank": 11043.9013671875,
                "count": 4982.0,
                "standard_deviation": 23445.892578125,
                "adjusted_arithmetic_mean_rank_index": 0.8151478847195144,
                "median_absolute_deviation": 34.099851025628844,
                "adjusted_arithmetic_mean_rank": 0.18486576018081197,
                "z_inverse_harmonic_mean_rank": 3671.1025579001525,
                "z_arithmetic_mean_rank": 98.97257954330942,
                "harmonic_mean_rank": 5.114981876224794,
                "inverse_harmonic_mean_rank": 0.1955041140317917,
                "inverse_geometric_mean_rank": 0.007656239438802004,
                "variance": 549709888.0,
                "adjusted_geometric_mean_rank_index": 0.997021152039812,
                "median_rank": 24.0,
                "inverse_median_rank": 0.0416666679084301,
                "hits_at_1": 0.10658370132476917,
                "hits_at_3": 0.223203532717784,
                "hits_at_5": 0.293054997992774,
                "hits_at_10": 0.39542352468888,
                "z_hits_at_k": 3011.333611584445,
                "adjusted_hits_at_k": 0.39537160286875234
            },
            "pessimistic": {
                "z_geometric_mean_rank": 70.40547537775268,
                "inverse_arithmetic_mean_rank": 9.054770145423206e-05,
                "adjusted_inverse_harmonic_mean_rank": 0.19541964868651904,
                "geometric_mean_rank": 130.61239607686173,
                "arithmetic_mean_rank": 11043.902649538339,
                "count": 4982.0,
                "standard_deviation": 23445.89302962463,
                "adjusted_arithmetic_mean_rank_index": 0.8151478632536644,
                "median_absolute_deviation": 34.099851025628844,
                "adjusted_arithmetic_mean_rank": 0.1848657816463027,
                "z_inverse_harmonic_mean_rank": 3671.1023968252625,
                "z_arithmetic_mean_rank": 98.9725769369964,
                "harmonic_mean_rank": 5.114982100531471,
                "inverse_harmonic_mean_rank": 0.195504105458374,
                "inverse_geometric_mean_rank": 0.007656241138180545,
                "variance": 549709899.9566008,
                "adjusted_geometric_mean_rank_index": 0.9970211527449441,
                "median_rank": 24.0,
                "inverse_median_rank": 0.041666666666666664,
                "hits_at_1": 0.10658370132476917,
                "hits_at_3": 0.223203532717784,
                "hits_at_5": 0.293054997992774,
                "hits_at_10": 0.39542352468888,
                "z_hits_at_k": 3011.333611584445,
                "adjusted_hits_at_k": 0.39537160286875234
            }
        },
        "tail": {
            "optimistic": {
                "z_geometric_mean_rank": 70.56121308595668,
                "inverse_arithmetic_mean_rank": 0.00013319544316519428,
                "adjusted_inverse_harmonic_mean_rank": 0.4283195865298085,
                "geometric_mean_rank": 35.42825984122207,
                "arithmetic_mean_rank": 7507.764351665997,
                "count": 4982.0,
                "standard_deviation": 19673.689987240326,
                "adjusted_arithmetic_mean_rank_index": 0.8780715168372356,
                "median_absolute_deviation": 4.447806655516806,
                "adjusted_arithmetic_mean_rank": 0.12194274499172536,
                "z_inverse_harmonic_mean_rank": 8273.819020144183,
                "z_arithmetic_mean_rank": 107.34673729470316,
                "harmonic_mean_rank": 2.3343940921871846,
                "inverse_harmonic_mean_rank": 0.42837668384564026,
                "inverse_geometric_mean_rank": 0.02822605469423772,
                "variance": 387054077.7140403,
                "adjusted_geometric_mean_rank_index": 0.9992400753288312,
                "median_rank": 4.0,
                "inverse_median_rank": 0.25,
                "hits_at_1": 0.3428342031312726,
                "hits_at_3": 0.4941790445604175,
                "hits_at_5": 0.5365315134484143,
                "hits_at_10": 0.5656362906463268,
                "z_hits_at_k": 4429.80866973408,
                "adjusted_hits_at_k": 0.5656010123442119
            },
            "realistic": {
                "z_geometric_mean_rank": 70.56121307851143,
                "inverse_arithmetic_mean_rank": 0.0001331954263150692,
                "adjusted_inverse_harmonic_mean_rank": 0.42831957733534964,
                "geometric_mean_rank": 35.42826461791992,
                "arithmetic_mean_rank": 7507.765625,
                "count": 4982.0,
                "standard_deviation": 19673.693359375,
                "adjusted_arithmetic_mean_rank_index": 0.8780714961551314,
                "median_absolute_deviation": 4.447806655516806,
                "adjusted_arithmetic_mean_rank": 0.12194276567349377,
                "z_inverse_harmonic_mean_rank": 8273.818842535473,
                "z_arithmetic_mean_rank": 107.34673476625716,
                "harmonic_mean_rank": 2.334394142286427,
                "inverse_harmonic_mean_rank": 0.42837667465209966,