{
    "HP": {
        "training_loop": "SLCWATrainingLoop",
        "dataset_kwargs": {
            "create_inverse_triples": true
        },
        "embedding_dim": 256,
        "random_seed": 1996,
        "model_kwargs": {},
        "evaluator_filtered": true,
        "loss": "BCEAfterSigmoidLoss",
        "loss_kwargs": {
            "reduction": "mean"
        },
        "regularizer": "NoRegularizer",
        "regularizer_kwargs": null,
        "optimizer": "Adam",
        "optimizer_kwargs": {
            "lr": 0.0027170383084818947,
            "weight_decay": 0.0
        },
        "num_epochs": 111,
        "batch_size": 8192,
        "label_smoothing": 0.0,
        "negative_sampler": "basic",
        "negative_sampler_kwargs": {
            "corruption_scheme": [
                "head",
                "tail"
            ],
            "num_negs_per_pos": 49
        },
        "model": "ComplEx"
    },
    "dataset": "YAGO310",
    "model": "ComplEx",
    "results": {
        "head": {
            "optimistic": {
                "arithmetic_mean_rank": 8340.803894018467,
                "count": 4982.0,
                "standard_deviation": 20144.32968644375,
                "adjusted_arithmetic_mean_rank_index": 0.8603962546098173,
                "median_absolute_deviation": 26.686839933100835,
                "adjusted_arithmetic_mean_rank": 0.13961814771073752,
                "z_inverse_harmonic_mean_rank": 4160.360009524033,
                "z_arithmetic_mean_rank": 104.46648803785709,
                "harmonic_mean_rank": 4.513746101481152,
                "inverse_harmonic_mean_rank": 0.22154546966473315,
                "inverse_geometric_mean_rank": 0.011337979898301247,
                "variance": 405794018.51613903,
                "adjusted_geometric_mean_rank_index": 0.9979959254930058,
                "median_rank": 19.0,
                "inverse_median_rank": 0.05263157894736842,
                "z_geometric_mean_rank": 70.47430976358653,
                "inverse_arithmetic_mean_rank": 0.00011989252027818818,
                "adjusted_inverse_harmonic_mean_rank": 0.22146374674095684,
                "geometric_mean_rank": 88.19913326445644,
                "hits_at_1": 0.12966680048173423,
                "hits_at_3": 0.2533119229225211,
                "hits_at_5": 0.32757928542753917,
                "hits_at_10": 0.42412685668406264,
                "z_hits_at_k": 3229.9702838996136,
                "adjusted_hits_at_k": 0.42407739994370863
            },
            "realistic": {
                "arithmetic_mean_rank": 8340.8056640625,
                "count": 4982.0,
                "standard_deviation": 20144.33203125,
                "adjusted_arithmetic_mean_rank_index": 0.8603962249802505,
                "median_absolute_deviation": 26.686839933100835,
                "adjusted_arithmetic_mean_rank": 0.13961817733980833,
                "z_inverse_harmonic_mean_rank": 4160.359787363727,
                "z_arithmetic_mean_rank": 104.46648444033238,
                "harmonic_mean_rank": 4.5137463423978375,
                "inverse_harmonic_mean_rank": 0.22154545783996582,
                "inverse_geometric_mean_rank": 0.011337975971400738,
                "variance": 405794112.0,
                "adjusted_geometric_mean_rank_index": 0.9979959247557246,
                "median_rank": 19.0,
                "inverse_median_rank": 0.05263157933950424,
                "z_geometric_mean_rank": 70.4743097115228,
                "inverse_arithmetic_mean_rank": 0.00011989249469479546,
                "adjusted_inverse_harmonic_mean_rank": 0.2214637349149481,
                "geometric_mean_rank": 88.19916534423828,
                "hits_at_1": 0.12966680048173423,
                "hits_at_3": 0.2533119229225211,
                "hits_at_5": 0.32757928542753917,
                "hits_at_10": 0.42412685668406264,
                "z_hits_at_k": 3229.9702838996136,
                "adjusted_hits_at_k": 0.42407739994370863
            },
            "pessimistic": {
                "arithmetic_mean_rank": 8340.806503412285,
                "count": 4982.0,
                "standard_deviation": 20144.334464268704,
                "adjusted_arithmetic_mean_rank_index": 0.8603962109299952,
                "median_absolute_deviation": 26.686839933100835,
                "adjusted_arithmetic_mean_rank": 0.13961819138982842,
                "z_inverse_harmonic_mean_rank": 4160.360009277838,
                "z_arithmetic_mean_rank": 104.46648273439652,
                "harmonic_mean_rank": 4.513746101748132,
                "inverse_harmonic_mean_rank": 0.2215454696516291,
                "inverse_geometric_mean_rank": 0.01133797852627637,
                "variance": 405794211.00832385,
                "adjusted_geometric_mean_rank_index": 0.9979959252477086,
                "median_rank": 19.0,
                "inverse_median_rank": 0.05263157894736842,
                "z_geometric_mean_rank": 70.47430974626468,
                "inverse_arithmetic_mean_rank": 0.00011989248277020846,
                "adjusted_inverse_harmonic_mean_rank": 0.2214637467278514,
                "geometric_mean_rank": 88.19914393755877,
                "hits_at_1": 0.12966680048173423,
                "hits_at_3": 0.2533119229225211,
                "hits_at_5": 0.32757928542753917,
                "hits_at_10": 0.42412685668406264,
                "z_hits_at_k": 3229.9702838996136,
                "adjusted_hits_at_k": 0.42407739994370863
            }
        },
        "tail": {
            "optimistic": {
                "arithmetic_mean_rank": 5319.053793657165,
                "count": 4982.0,
                "standard_deviation": 16446.859529896363,
                "adjusted_arithmetic_mean_rank_index": 0.9136216081839978,
                "median_absolute_deviation": 2.965204437011204,
                "adjusted_arithmetic_mean_rank": 0.08639323105729527,
                "z_inverse_harmonic_mean_rank": 9515.884805476522,
                "z_arithmetic_mean_rank": 111.69283694994455,
                "harmonic_mean_rank": 2.0297578658851103,
                "inverse_harmonic_mean_rank": 0.4926696020285814,
                "inverse_geometric_mean_rank": 0.04940863880994474,
                "variance": 270499188.3961428,
                "adjusted_geometric_mean_rank_index": 0.9995753350223673,
                "median_rank": 3.0,
                "inverse_median_rank": 0.3333333333333333,
                "z_geometric_mean_rank": 70.58488740733229,
                "inverse_arithmetic_mean_rank": 0.00018800336277713045,
                "adjusted_inverse_harmonic_mean_rank": 0.49261892669196483,
                "geometric_mean_rank": 20.239375625112842,
                "hits_at_1": 0.4269369731031714,
                "hits_at_3": 0.53472501003613,
                "hits_at_5": 0.5718586912886391,
                "hits_at_10": 0.6089923725411481,
                "z_hits_at_k": 4769.402733389704,
                "adjusted_hits_at_k": 0.6089606155483016
            },
            "realistic": {
                "arithmetic_mean_rank": 5319.0546875,
                "count": 4982.0,
                "standard_deviation": 16446.861328125,
                "adjusted_arithmetic_mean_rank_index": 0.9136215936657719,
                "median_absolute_deviation": 2.965204437011204,
                "adjusted_arithmetic_mean_rank": 0.08639324557528541,
                "z_inverse_harmonic_mean_rank": 9515.885001382967,
                "z_arithmetic_mean_rank": 111.69283517505019,
                "harmonic_mean_rank": 2.0297578241063334,
                "inverse_harmonic_mean_rank": 0.49266961216926575,
                "inverse_geometric_mean_rank": 0.04940863326191902,
                "variance": 270499264.0,
                "adjusted_geometric_mean_rank_index": 0.9995753349704887,
                "median_rank": 3.0,
                "inverse_median_rank": 0.3333333432674408,