{
    "HP": {
        "training_loop": "SLCWATrainingLoop",
        "dataset_kwargs": {
            "create_inverse_triples": false
        },
        "embedding_dim": 350,
        "random_seed": 1996,
        "model_kwargs": {},
        "evaluator_filtered": true,
        "loss": "NSSALoss",
        "loss_kwargs": {
            "reduction": "mean",
            "margin": 0.5,
            "adversarial_temperature": 1
        },
        "regularizer": null,
        "regularizer_kwargs": null,
        "optimizer": "Adam",
        "optimizer_kwargs": {
            "lr": 0.0001,
            "weight_decay": 0.0
        },
        "num_epochs": 2000,
        "batch_size": 8192,
        "label_smoothing": 0.0,
        "negative_sampler": "basic",
        "negative_sampler_kwargs": {
            "corruption_scheme": [
                "head",
                "tail"
            ],
            "num_negs_per_pos": 30
        },
        "model": "HolE"
    },
    "dataset": "YAGO310",
    "model": "HolE",
    "results": {
        "head": {
            "optimistic": {
                "inverse_harmonic_mean_rank": 0.34287783803239885,
                "inverse_geometric_mean_rank": 0.027832393104750403,
                "variance": 330647846.63415045,
                "adjusted_geometric_mean_rank_index": 0.9991972278605181,
                "median_rank": 8.0,
                "inverse_median_rank": 0.125,
                "z_geometric_mean_rank": 70.55914072632416,
                "inverse_arithmetic_mean_rank": 0.00017088228320133515,
                "adjusted_inverse_harmonic_mean_rank": 0.3428088527002291,
                "geometric_mean_rank": 35.929357430257085,
                "arithmetic_mean_rank": 5851.981734243276,
                "count": 4982.0,
                "standard_deviation": 18183.724773383216,
                "adjusted_arithmetic_mean_rank_index": 0.9020577732174551,
                "median_absolute_deviation": 10.378215529539213,
                "adjusted_arithmetic_mean_rank": 0.09795732648240904,
                "z_inverse_harmonic_mean_rank": 6439.9174251895265,
                "z_arithmetic_mean_rank": 109.52489282744726,
                "harmonic_mean_rank": 2.9164906245865594,
                "hits_at_1": 0.2450822962665596,
                "hits_at_3": 0.39803291850662387,
                "hits_at_5": 0.46226415094339623,
                "hits_at_10": 0.5335206744279406,
                "z_hits_at_k": 4063.2359231427386,
                "adjusted_hits_at_k": 0.5334806125720386
            },
            "realistic": {
                "inverse_harmonic_mean_rank": 0.3428778052330017,
                "inverse_geometric_mean_rank": 0.02783237397670746,
                "variance": 330647936.0,
                "adjusted_geometric_mean_rank_index": 0.9991972272883869,
                "median_rank": 8.0,
                "inverse_median_rank": 0.125,
                "z_geometric_mean_rank": 70.55914068592263,
                "inverse_arithmetic_mean_rank": 0.000170882252859883,
                "adjusted_inverse_harmonic_mean_rank": 0.34280881989738865,
                "geometric_mean_rank": 35.92938232421875,
                "arithmetic_mean_rank": 5851.98291015625,
                "count": 4982.0,
                "standard_deviation": 18183.7265625,
                "adjusted_arithmetic_mean_rank_index": 0.9020577535333165,
                "median_absolute_deviation": 10.378215529539213,
                "adjusted_arithmetic_mean_rank": 0.09795734616621811,
                "z_inverse_harmonic_mean_rank": 6439.916808963947,
                "z_arithmetic_mean_rank": 109.5248904374638,
                "harmonic_mean_rank": 2.916490903575554,
                "hits_at_1": 0.2450822962665596,
                "hits_at_3": 0.39803291850662387,
                "hits_at_5": 0.46226415094339623,
                "hits_at_10": 0.5335206744279406,
                "z_hits_at_k": 4063.2359231427386,
                "adjusted_hits_at_k": 0.5334806125720386
            },
            "pessimistic": {
                "inverse_harmonic_mean_rank": 0.34287783643479686,
                "inverse_geometric_mean_rank": 0.027832373455428012,
                "variance": 330648017.13443345,
                "adjusted_geometric_mean_rank_index": 0.9991972272775451,
                "median_rank": 8.0,
                "inverse_median_rank": 0.125,
                "z_geometric_mean_rank": 70.55914068515703,
                "inverse_arithmetic_mean_rank": 0.00017088221286634675,
                "adjusted_inverse_harmonic_mean_rank": 0.3428088511024594,
                "geometric_mean_rank": 35.92938279595321,
                "arithmetic_mean_rank": 5851.984142914493,
                "count": 4982.0,
                "standard_deviation": 18183.72946164877,
                "adjusted_arithmetic_mean_rank_index": 0.9020577328976194,
                "median_absolute_deviation": 10.378215529539213,
                "adjusted_arithmetic_mean_rank": 0.09795736680156988,
                "z_inverse_harmonic_mean_rank": 6439.917395174242,
                "z_arithmetic_mean_rank": 109.5248879319452,
                "harmonic_mean_rank": 2.91649063817563,
                "hits_at_1": 0.2450822962665596,
                "hits_at_3": 0.39803291850662387,
                "hits_at_5": 0.46226415094339623,
                "hits_at_10": 0.5335206744279406,
                "z_hits_at_k": 4063.2359231427386,
                "adjusted_hits_at_k": 0.5334806125720386
            }
        },
        "tail": {
            "optimistic": {
                "inverse_harmonic_mean_rank": 0.499863746862297,
                "inverse_geometric_mean_rank": 0.10211014872535186,
                "variance": 182854295.8976716,
                "adjusted_geometric_mean_rank_index": 0.9998059071101776,
                "median_rank": 2.0,
                "inverse_median_rank": 0.5,
                "z_geometric_mean_rank": 70.60116922650803,
                "inverse_arithmetic_mean_rank": 0.0003435449578088589,
                "adjusted_inverse_harmonic_mean_rank": 0.49981379012190996,
                "geometric_mean_rank": 9.793345837637787,
                "arithmetic_mean_rank": 2910.827177840225,
                "count": 4982.0,
                "standard_deviation": 13522.362807500456,
                "adjusted_arithmetic_mean_rank_index": 0.9527371850987828,
                "median_absolute_deviation": 1.482602218505602,
                "adjusted_arithmetic_mean_rank": 0.0472782894662362,
                "z_inverse_harmonic_mean_rank": 9654.867471145202,
                "z_arithmetic_mean_rank": 116.47482734444736,
                "harmonic_mean_rank": 2.0005451611106357,
                "hits_at_1": 0.3890004014452027,
                "hits_at_3": 0.5810919309514251,
                "hits_at_5": 0.6368928141308712,
                "hits_at_10": 0.6856684062625452,
                "z_hits_at_k": 5369.981123743634,
                "adjusted_hits_at_k": 0.6856428767703493
            },
            "realistic": {
                "inverse_harmonic_mean_rank": 0.49986377358436584,
                "inverse_geometric_mean_rank": 0.1021101325750351,
                "variance": 182854384.0,
                "adjusted_geometric_mean_rank_index": 0.9998059070766036,
                "median_rank": 2.0,
                "inverse_median_rank": 0.5,
                "z_geometric_mean_rank": 70.60116922413721,
                "inverse_arithmetic_mean_rank": 0.00034354484523646533,
                "adjusted_inverse_harmonic_mean_rank": 0.49981381684664794,
                "geometric_mean_rank": 9.793347358703613,
                "arithmetic_mean_rank": 2910.828125,
                "count": 4982.0,
                "standard_deviation": 13522.3662109375,
                "adjusted_arithmetic_mean_rank_index": 0.9527371697145575,
                "median_absolute_deviation": 1.482602218505602,