{
    "HP": {
        "training_loop": "SLCWATrainingLoop",
        "dataset_kwargs": {
            "create_inverse_triples": false
        },
        "embedding_dim": 128,
        "random_seed": 1996,
        "model_kwargs": {},
        "evaluator_filtered": true,
        "loss": "BCEAfterSigmoidLoss",
        "loss_kwargs": {
            "reduction": "mean"
        },
        "regularizer": null,
        "regularizer_kwargs": null,
        "optimizer": "Adam",
        "optimizer_kwargs": {
            "lr": 0.0011668347667987764,
            "weight_decay": 0.0
        },
        "num_epochs": 500,
        "batch_size": 4096,
        "label_smoothing": 0.0,
        "negative_sampler": "basic",
        "negative_sampler_kwargs": {
            "corruption_scheme": [
                "head",
                "tail"
            ],
            "num_negs_per_pos": 47
        },
        "model": "HolE"
    },
    "dataset": "YAGO310",
    "model": "HolE",
    "results": {
        "head": {
            "optimistic": {
                "count": 4982.0,
                "standard_deviation": 11810.097346443094,
                "inverse_arithmetic_mean_rank": 0.00031414465636282285,
                "geometric_mean_rank": 32.734342413698805,
                "adjusted_arithmetic_mean_rank_index": 0.9467309315568773,
                "median_absolute_deviation": 13.343419966550417,
                "z_inverse_harmonic_mean_rank": 5311.926524171799,
                "harmonic_mean_rank": 3.535579375058637,
                "inverse_harmonic_mean_rank": 0.2828390749913273,
                "adjusted_arithmetic_mean_rank": 0.05328491593465046,
                "inverse_geometric_mean_rank": 0.03054895642508816,
                "variance": 139478399.3324622,
                "arithmetic_mean_rank": 3183.246888799679,
                "median_rank": 10.0,
                "inverse_median_rank": 0.1,
                "z_arithmetic_mean_rank": 114.94896102425145,
                "adjusted_geometric_mean_rank_index": 0.9992706580415812,
                "z_geometric_mean_rank": 70.5643260594443,
                "adjusted_inverse_harmonic_mean_rank": 0.2827637867306442,
                "hits_at_1": 0.1702127659574468,
                "hits_at_3": 0.3378161380971497,
                "hits_at_5": 0.4179044560417503,
                "hits_at_10": 0.509233239662786,
                "z_hits_at_k": 3878.23566195298,
                "adjusted_hits_at_k": 0.5091910919701524
            },
            "realistic": {
                "count": 4982.0,
                "standard_deviation": 11810.09765625,
                "inverse_arithmetic_mean_rank": 0.00031414462137036026,
                "geometric_mean_rank": 32.734344482421875,
                "adjusted_arithmetic_mean_rank_index": 0.946730924431672,
                "median_absolute_deviation": 13.343419966550417,
                "z_inverse_harmonic_mean_rank": 5311.926239319758,
                "harmonic_mean_rank": 3.5355795645837143,
                "inverse_harmonic_mean_rank": 0.2828390598297119,
                "adjusted_arithmetic_mean_rank": 0.05328492305973654,
                "inverse_geometric_mean_rank": 0.030548954382538795,
                "variance": 139478400.0,
                "arithmetic_mean_rank": 3183.247314453125,
                "median_rank": 10.0,
                "inverse_median_rank": 0.10000000149011612,
                "z_arithmetic_mean_rank": 114.94896015913241,
                "adjusted_geometric_mean_rank_index": 0.9992706579940362,
                "z_geometric_mean_rank": 70.56432605608688,
                "adjusted_inverse_harmonic_mean_rank": 0.2827637715674371,
                "hits_at_1": 0.1702127659574468,
                "hits_at_3": 0.3378161380971497,
                "hits_at_5": 0.4179044560417503,
                "hits_at_10": 0.509233239662786,
                "z_hits_at_k": 3878.23566195298,
                "adjusted_hits_at_k": 0.5091910919701524
            },
            "pessimistic": {
                "count": 4982.0,
                "standard_deviation": 11810.098456594924,
                "inverse_arithmetic_mean_rank": 0.0003141445771281057,
                "geometric_mean_rank": 32.7343444319771,
                "adjusted_arithmetic_mean_rank_index": 0.946730918116932,
                "median_absolute_deviation": 13.343419966550417,
                "z_inverse_harmonic_mean_rank": 5311.926524049385,
                "harmonic_mean_rank": 3.535579375140085,
                "inverse_harmonic_mean_rank": 0.28283907498481164,
                "adjusted_arithmetic_mean_rank": 0.05328492937437074,
                "inverse_geometric_mean_rank": 0.03054895454155279,
                "variance": 139478425.5544658,
                "arithmetic_mean_rank": 3183.247691690084,
                "median_rank": 10.0,
                "inverse_median_rank": 0.1,
                "z_arithmetic_mean_rank": 114.94895939241744,
                "adjusted_geometric_mean_rank_index": 0.9992706579951957,
                "z_geometric_mean_rank": 70.56432605616875,
                "adjusted_inverse_harmonic_mean_rank": 0.28276378672412783,
                "hits_at_1": 0.1702127659574468,
                "hits_at_3": 0.3378161380971497,
                "hits_at_5": 0.4179044560417503,
                "hits_at_10": 0.509233239662786,
                "z_hits_at_k": 3878.23566195298,
                "adjusted_hits_at_k": 0.5091910919701524
            }
        },
        "tail": {
            "optimistic": {
                "count": 4982.0,
                "standard_deviation": 8782.591592183422,
                "inverse_arithmetic_mean_rank": 0.0006019066498603183,
                "geometric_mean_rank": 8.221374485496792,
                "adjusted_arithmetic_mean_rank_index": 0.9730311912655237,
                "median_absolute_deviation": 1.482602218505602,
                "z_inverse_harmonic_mean_rank": 10045.740325273728,
                "harmonic_mean_rank": 1.9227202712744338,
                "inverse_harmonic_mean_rank": 0.5200964565361198,
                "adjusted_arithmetic_mean_rank": 0.02698461291916677,
                "inverse_geometric_mean_rank": 0.12163416248269503,
                "variance": 77133915.07509093,
                "arithmetic_mean_rank": 1661.3871938980328,
                "median_rank": 2.0,
                "inverse_median_rank": 0.5,
                "z_arithmetic_mean_rank": 118.95582724806005,
                "adjusted_geometric_mean_rank_index": 0.999840604763163,
                "z_geometric_mean_rank": 70.60361939693888,
                "adjusted_inverse_harmonic_mean_rank": 0.5200485207654547,
                "hits_at_1": 0.418506623845845,
                "hits_at_3": 0.5969490164592534,
                "hits_at_5": 0.6471296668004818,
                "hits_at_10": 0.6896828582898434,
                "z_hits_at_k": 5401.425018526562,
                "adjusted_hits_at_k": 0.689657654844802
            },
            "realistic": {
                "count": 4982.0,
                "standard_deviation": 8782.591796875,
                "inverse_arithmetic_mean_rank": 0.0006019066204316914,
                "geometric_mean_rank": 8.221373558044434,
                "adjusted_arithmetic_mean_rank_index": 0.9730311890694828,
                "median_absolute_deviation": 1.482602218505602,
                "z_inverse_harmonic_mean_rank": 10045.740794920686,
                "harmonic_mean_rank": 1.9227201814028811,
                "inverse_harmonic_mean_rank": 0.520096480846405,
                "adjusted_arithmetic_mean_rank": 0.026984615115171966,
                "inverse_geometric_mean_rank": 0.12163417786359787,
                "variance": 77133920.0,
                "arithmetic_mean_rank": 1661.3873291015625,
                "median_rank": 2.0,
                "inverse_median_rank": 0.5,
                "z_arithmetic_mean_rank": 118.95582697958781,