{
    "HP": {
        "training_loop": "SLCWATrainingLoop",
        "dataset_kwargs": {
            "create_inverse_triples": false
        },
        "embedding_dim": 256,
        "random_seed": 1996,
        "model_kwargs": {},
        "evaluator_filtered": true,
        "loss": "SoftPlusLoss",
        "loss_kwargs": {
            "reduction": "mean"
        },
        "regularizer": "NoRegularizer",
        "regularizer_kwargs": null,
        "optimizer": "Adam",
        "optimizer_kwargs": {
            "lr": 0.001723135381847608,
            "weight_decay": 0.0
        },
        "num_epochs": 1000,
        "batch_size": 8192,
        "label_smoothing": 0.0,
        "negative_sampler": "basic",
        "negative_sampler_kwargs": {
            "corruption_scheme": [
                "head",
                "tail"
            ],
            "num_negs_per_pos": 32
        },
        "model": "ComplEx"
    },
    "dataset": "YAGO310",
    "model": "ComplEx",
    "results": {
        "head": {
            "optimistic": {
                "z_geometric_mean_rank": 70.5285136101282,
                "inverse_arithmetic_mean_rank": 0.00014631521059977636,
                "adjusted_inverse_harmonic_mean_rank": 0.29983381083250593,
                "geometric_mean_rank": 54.80068042775325,
                "arithmetic_mean_rank": 6834.559413890004,
                "count": 4982.0,
                "standard_deviation": 18254.871226205072,
                "adjusted_arithmetic_mean_rank_index": 0.885609961499261,
                "median_absolute_deviation": 14.084721075803218,
                "adjusted_arithmetic_mean_rank": 0.11440486287786034,
                "z_inverse_harmonic_mean_rank": 5632.5995312895975,
                "z_arithmetic_mean_rank": 107.52785353665344,
                "harmonic_mean_rank": 3.334363571059158,
                "inverse_harmonic_mean_rank": 0.29990730725334513,
                "inverse_geometric_mean_rank": 0.018247948605644687,
                "variance": 333240323.48532987,
                "adjusted_geometric_mean_rank_index": 0.9987635132590457,
                "median_rank": 10.5,
                "inverse_median_rank": 0.09523809523809523,
                "hits_at_1": 0.20072260136491368,
                "hits_at_3": 0.35447611401043755,
                "hits_at_5": 0.42452830188679247,
                "hits_at_10": 0.5,
                "z_hits_at_k": 3807.904984145304,
                "adjusted_hits_at_k": 0.4999570593446421
            },
            "realistic": {
                "z_geometric_mean_rank": 70.52851360746638,
                "inverse_arithmetic_mean_rank": 0.00014631517115049064,
                "adjusted_inverse_harmonic_mean_rank": 0.29983380047405433,
                "geometric_mean_rank": 54.800682067871094,
                "arithmetic_mean_rank": 6834.56103515625,
                "count": 4982.0,
                "standard_deviation": 18254.873046875,
                "adjusted_arithmetic_mean_rank_index": 0.8856099343601527,
                "median_absolute_deviation": 14.084721075803218,
                "adjusted_arithmetic_mean_rank": 0.11440489001651424,
                "z_inverse_harmonic_mean_rank": 5632.599336698435,
                "z_arithmetic_mean_rank": 107.52785024151203,
                "harmonic_mean_rank": 3.3343636862121353,
                "inverse_harmonic_mean_rank": 0.29990729689598083,
                "inverse_geometric_mean_rank": 0.018247948959469795,
                "variance": 333240384.0,
                "adjusted_geometric_mean_rank_index": 0.9987635132213513,
                "median_rank": 10.5,
                "inverse_median_rank": 0.095238097012043,
                "hits_at_1": 0.20072260136491368,
                "hits_at_3": 0.35447611401043755,
                "hits_at_5": 0.42452830188679247,
                "hits_at_10": 0.5,
                "z_hits_at_k": 3807.904984145304,
                "adjusted_hits_at_k": 0.4999570593446421
            },
            "pessimistic": {
                "z_geometric_mean_rank": 70.52851359845307,
                "inverse_arithmetic_mean_rank": 0.00014631516762881176,
                "adjusted_inverse_harmonic_mean_rank": 0.2998338107995698,
                "geometric_mean_rank": 54.80068762154774,
                "arithmetic_mean_rank": 6834.561421116017,
                "count": 4982.0,
                "standard_deviation": 18254.875883786717,
                "adjusted_arithmetic_mean_rank_index": 0.8856099278993979,
                "median_absolute_deviation": 14.084721075803218,
                "adjusted_arithmetic_mean_rank": 0.11440489647716102,
                "z_inverse_harmonic_mean_rank": 5632.599530670867,
                "z_arithmetic_mean_rank": 107.52784945706838,
                "harmonic_mean_rank": 3.3343635714253033,
                "inverse_harmonic_mean_rank": 0.2999073072204124,
                "inverse_geometric_mean_rank": 0.018247946210200438,
                "variance": 333240493.5324579,
                "adjusted_geometric_mean_rank_index": 0.9987635130937127,
                "median_rank": 10.5,
                "inverse_median_rank": 0.09523809523809523,
                "hits_at_1": 0.20072260136491368,
                "hits_at_3": 0.35447611401043755,
                "hits_at_5": 0.42452830188679247,
                "hits_at_10": 0.5,
                "z_hits_at_k": 3807.904984145304,
                "adjusted_hits_at_k": 0.4999570593446421
            }
        },
        "tail": {
            "optimistic": {
                "z_geometric_mean_rank": 70.58436463383049,
                "inverse_arithmetic_mean_rank": 0.0002277392640501915,
                "adjusted_inverse_harmonic_mean_rank": 0.4667479204854774,
                "geometric_mean_rank": 20.574774729657296,
                "arithmetic_mean_rank": 4390.986350863107,
                "count": 4982.0,
                "standard_deviation": 14588.294796819071,
                "adjusted_arithmetic_mean_rank_index": 0.928695726708514,
                "median_absolute_deviation": 2.965204437011204,
                "adjusted_arithmetic_mean_rank": 0.07131935736989783,
                "z_inverse_harmonic_mean_rank": 9016.136416765825,
                "z_arithmetic_mean_rank": 113.53569076102016,
                "harmonic_mean_rank": 2.142239658852987,
                "inverse_harmonic_mean_rank": 0.4668011797220798,
                "inverse_geometric_mean_rank": 0.048603205290921624,
                "variance": 212818345.0788984,
                "adjusted_geometric_mean_rank_index": 0.9995679318583559,
                "median_rank": 3.0,
                "inverse_median_rank": 0.3333333333333333,
                "hits_at_1": 0.39381774387796065,
                "hits_at_3": 0.5204737053392212,
                "hits_at_5": 0.5566037735849056,
                "hits_at_10": 0.5889201124046568,
                "z_hits_at_k": 4612.183259475063,
                "adjusted_hits_at_k": 0.5888867251760379
            },
            "realistic": {
                "z_geometric_mean_rank": 70.5843646293517,
                "inverse_arithmetic_mean_rank": 0.00022773921955376863,
                "adjusted_inverse_harmonic_mean_rank": 0.46674793710180335,
                "geometric_mean_rank": 20.574777603149414,
                "arithmetic_mean_rank": 4390.9873046875,
                "count": 4982.0,
                "standard_deviation": 14588.2958984375,
                "adjusted_arithmetic_mean_rank_index": 0.9286957112160387,
                "median_absolute_deviation": 2.965204437011204,
                "adjusted_arithmetic_mean_rank": 0.07131937286212152,
                "z_inverse_harmonic_mean_rank": 9016.136737742212,
                "z_arithmetic_mean_rank": 113.53568886702105,
                "harmonic_mean_rank": 2.142239582605116,
                "inverse_harmonic_mean_rank": 0.46680119633674616,