{
    "HP": {
        "training_loop": "SLCWATrainingLoop",
        "dataset_kwargs": {
            "create_inverse_triples": true
        },
        "embedding_dim": 128,
        "random_seed": 1996,
        "model_kwargs": {},
        "evaluator_filtered": true,
        "loss": "NSSALoss",
        "loss_kwargs": {
            "reduction": "mean",
            "adversarial_temperature": 0.1006225350513569,
            "margin": 13.808995641429332
        },
        "regularizer": "NoRegularizer",
        "regularizer_kwargs": null,
        "optimizer": "Adam",
        "optimizer_kwargs": {
            "lr": 0.003840883080163123,
            "weight_decay": 0.0
        },
        "num_epochs": 161,
        "batch_size": 4096,
        "label_smoothing": 0.0,
        "negative_sampler": "basic",
        "negative_sampler_kwargs": {
            "corruption_scheme": [
                "head",
                "tail"
            ],
            "num_negs_per_pos": 32
        },
        "model": "ComplEx"
    },
    "dataset": "YAGO310",
    "model": "ComplEx",
    "results": {
        "head": {
            "optimistic": {
                "inverse_geometric_mean_rank": 0.023848194259839958,
                "variance": 238122060.76338634,
                "arithmetic_mean_rank": 5470.553592934564,
                "median_rank": 8.0,
                "inverse_median_rank": 0.125,
                "z_arithmetic_mean_rank": 110.3001261760023,
                "adjusted_geometric_mean_rank_index": 0.9990592731131578,
                "z_geometric_mean_rank": 70.5493989374546,
                "adjusted_inverse_harmonic_mean_rank": 0.3274871435903596,
                "count": 4982.0,
                "standard_deviation": 15431.204125517435,
                "inverse_arithmetic_mean_rank": 0.0001827968564811319,
                "geometric_mean_rank": 41.931895937462514,
                "adjusted_arithmetic_mean_rank_index": 0.9084426712079346,
                "median_absolute_deviation": 10.378215529539213,
                "z_inverse_harmonic_mean_rank": 6152.0878061376025,
                "harmonic_mean_rank": 3.05289689817885,
                "inverse_harmonic_mean_rank": 0.32755773724180853,
                "adjusted_arithmetic_mean_rank": 0.09157253536983263,
                "hits_at_1": 0.22882376555600162,
                "hits_at_3": 0.3871938980329185,
                "hits_at_5": 0.4514251304696909,
                "hits_at_10": 0.5178643115214773,
                "z_hits_at_k": 3943.9795564253736,
                "adjusted_hits_at_k": 0.5178229050766079
            },
            "realistic": {
                "inverse_geometric_mean_rank": 0.02384820021688938,
                "variance": 238122208.0,
                "arithmetic_mean_rank": 5470.5556640625,
                "median_rank": 8.0,
                "inverse_median_rank": 0.125,
                "z_arithmetic_mean_rank": 110.30012196653982,
                "adjusted_geometric_mean_rank_index": 0.9990592733699172,
                "z_geometric_mean_rank": 70.54939895558587,
                "adjusted_inverse_harmonic_mean_rank": 0.3274871191393346,
                "count": 4982.0,
                "standard_deviation": 15431.208984375,
                "inverse_arithmetic_mean_rank": 0.00018279679352417588,
                "geometric_mean_rank": 41.931884765625,
                "adjusted_arithmetic_mean_rank_index": 0.9084426365383884,
                "median_absolute_deviation": 10.378215529539213,
                "z_inverse_harmonic_mean_rank": 6152.087346807044,
                "harmonic_mean_rank": 3.052897126042886,
                "inverse_harmonic_mean_rank": 0.3275577127933502,
                "adjusted_arithmetic_mean_rank": 0.09157257003879857,
                "hits_at_1": 0.22882376555600162,
                "hits_at_3": 0.3871938980329185,
                "hits_at_5": 0.4514251304696909,
                "hits_at_10": 0.5178643115214773,
                "z_hits_at_k": 3943.9795564253736,
                "adjusted_hits_at_k": 0.5178229050766079
            },
            "pessimistic": {
                "inverse_geometric_mean_rank": 0.0238481858092912,
                "variance": 238122281.5522273,
                "arithmetic_mean_rank": 5470.557205941389,
                "median_rank": 8.0,
                "inverse_median_rank": 0.125,
                "z_arithmetic_mean_rank": 110.30011883274919,
                "adjusted_geometric_mean_rank_index": 0.9990592727716695,
                "z_geometric_mean_rank": 70.54939891334013,
                "adjusted_inverse_harmonic_mean_rank": 0.3274871434590461,
                "count": 4982.0,
                "standard_deviation": 15431.21127948896,
                "inverse_arithmetic_mean_rank": 0.00018279673575370594,
                "geometric_mean_rank": 41.93191079593158,
                "adjusted_arithmetic_mean_rank_index": 0.908442610728181,
                "median_absolute_deviation": 10.378215529539213,
                "z_inverse_harmonic_mean_rank": 6152.087803670783,
                "harmonic_mean_rank": 3.0528968994025862,
                "inverse_harmonic_mean_rank": 0.3275577371105089,
                "adjusted_arithmetic_mean_rank": 0.09157259584857388,
                "hits_at_1": 0.22882376555600162,
                "hits_at_3": 0.3871938980329185,
                "hits_at_5": 0.4514251304696909,
                "hits_at_10": 0.5178643115214773,
                "z_hits_at_k": 3943.9795564253736,
                "adjusted_hits_at_k": 0.5178229050766079
            }
        },
        "tail": {
            "optimistic": {
                "inverse_geometric_mean_rank": 0.09082442747526126,
                "variance": 160383630.75753823,
                "arithmetic_mean_rank": 3132.2284223203533,
                "median_rank": 2.0,
                "inverse_median_rank": 0.5,
                "z_arithmetic_mean_rank": 116.03519320973543,
                "adjusted_geometric_mean_rank_index": 0.9997790466645351,
                "z_geometric_mean_rank": 70.59927247949463,
                "adjusted_inverse_harmonic_mean_rank": 0.5467643686048217,
                "count": 4982.0,
                "standard_deviation": 12664.265898880134,
                "inverse_arithmetic_mean_rank": 0.00031926151773413783,
                "geometric_mean_rank": 11.010253824857633,
                "adjusted_arithmetic_mean_rank_index": 0.9491410794205996,
                "median_absolute_deviation": 1.482602218505602,
                "z_inverse_harmonic_mean_rank": 10561.80845977929,
                "harmonic_mean_rank": 1.8287900102490093,
                "inverse_harmonic_mean_rank": 0.5468096360958573,
                "adjusted_arithmetic_mean_rank": 0.05087433673568731,
                "hits_at_1": 0.47912484945804895,
                "hits_at_3": 0.5949417904456041,
                "hits_at_5": 0.6288639100762746,
                "hits_at_10": 0.6625853071055801,
                "z_hits_at_k": 5189.1787287417965,
                "adjusted_hits_at_k": 0.6625579028422459
            },
            "realistic": {
                "inverse_geometric_mean_rank": 0.0908244252204895,
                "variance": 160383648.0,
                "arithmetic_mean_rank": 3132.22900390625,
                "median_rank": 2.0,
                "inverse_median_rank": 0.5,
                "z_arithmetic_mean_rank": 116.0351920548864,
                "adjusted_geometric_mean_rank_index": 0.9997790466627385,
                "z_geometric_mean_rank": 70.59927247936776,
                "adjusted_inverse_harmonic_mean_rank": 0.5467643462114092,
                "count": 4982.0,
                "standard_deviation": 12664.2666015625,
                "inverse_arithmetic_mean_rank": 0.00031926145311445,
                "geometric_mean_rank": 11.01025390625,
                "adjusted_arithmetic_mean_rank_index": 0.9491410699742012,
                "median_absolute_deviation": 1.482602218505602,