{
    "HP": {
        "training_loop": "SLCWATrainingLoop",
        "dataset_kwargs": {
            "create_inverse_triples": true
        },
        "embedding_dim": 256,
        "random_seed": 1996,
        "model_kwargs": {},
        "evaluator_filtered": true,
        "loss": "SoftPlusLoss",
        "loss_kwargs": {
            "reduction": "mean"
        },
        "regularizer": "NoRegularizer",
        "regularizer_kwargs": null,
        "optimizer": "Adam",
        "optimizer_kwargs": {
            "lr": 0.001723135381847608,
            "weight_decay": 0.0
        },
        "num_epochs": 131,
        "batch_size": 8192,
        "label_smoothing": 0.0,
        "negative_sampler": "basic",
        "negative_sampler_kwargs": {
            "corruption_scheme": [
                "head",
                "tail"
            ],
            "num_negs_per_pos": 32
        },
        "model": "ComplEx"
    },
    "dataset": "YAGO310",
    "model": "ComplEx",
    "results": {
        "head": {
            "optimistic": {
                "adjusted_arithmetic_mean_rank": 0.16724274683664098,
                "inverse_geometric_mean_rank": 0.009453167795800707,
                "variance": 494604369.0515091,
                "arithmetic_mean_rank": 9991.100562023285,
                "median_rank": 21.0,
                "inverse_median_rank": 0.047619047619047616,
                "z_arithmetic_mean_rank": 101.11234377451834,
                "adjusted_geometric_mean_rank_index": 0.997591762348619,
                "z_geometric_mean_rank": 70.44576944803518,
                "adjusted_inverse_harmonic_mean_rank": 0.21602108251013796,
                "count": 4982.0,
                "standard_deviation": 22239.702539636386,
                "inverse_arithmetic_mean_rank": 0.00010008907365030978,
                "geometric_mean_rank": 105.78464506302541,
                "adjusted_arithmetic_mean_rank_index": 0.832771193063268,
                "median_absolute_deviation": 29.65204437011204,
                "z_inverse_harmonic_mean_rank": 4058.11554312994,
                "harmonic_mean_rank": 4.627414967032036,
                "inverse_harmonic_mean_rank": 0.21610337675019173,
                "hits_at_1": 0.12786029706945,
                "hits_at_3": 0.24568446407065436,
                "hits_at_5": 0.31573665194700923,
                "hits_at_10": 0.416298675230831,
                "z_hits_at_k": 3170.342100540931,
                "adjusted_hits_at_k": 0.4162485461959932
            },
            "realistic": {
                "adjusted_arithmetic_mean_rank": 0.1672427635837924,
                "inverse_geometric_mean_rank": 0.00945317093282938,
                "variance": 494604480.0,
                "arithmetic_mean_rank": 9991.1015625,
                "median_rank": 21.0,
                "inverse_median_rank": 0.0476190485060215,
                "z_arithmetic_mean_rank": 101.11234174110017,
                "adjusted_geometric_mean_rank_index": 0.9975917632249376,
                "z_geometric_mean_rank": 70.44576950991714,
                "adjusted_inverse_harmonic_mean_rank": 0.21602109562052194,
                "count": 4982.0,
                "standard_deviation": 22239.705078125,
                "inverse_arithmetic_mean_rank": 0.00010008906247094274,
                "geometric_mean_rank": 105.78460693359375,
                "adjusted_arithmetic_mean_rank_index": 0.8327711763158363,
                "median_absolute_deviation": 29.65204437011204,
                "z_inverse_harmonic_mean_rank": 4058.115789418184,
                "harmonic_mean_rank": 4.6274146863292716,
                "inverse_harmonic_mean_rank": 0.21610338985919952,
                "hits_at_1": 0.12786029706945,
                "hits_at_3": 0.24568446407065436,
                "hits_at_5": 0.31573665194700923,
                "hits_at_10": 0.416298675230831,
                "z_hits_at_k": 3170.342100540931,
                "adjusted_hits_at_k": 0.4162485461959932
            },
            "pessimistic": {
                "adjusted_arithmetic_mean_rank": 0.1672427871558018,
                "inverse_geometric_mean_rank": 0.009453166885636582,
                "variance": 494604541.08313453,
                "arithmetic_mean_rank": 9991.102970694501,
                "median_rank": 21.0,
                "inverse_median_rank": 0.047619047619047616,
                "z_arithmetic_mean_rank": 101.11233887901628,
                "adjusted_geometric_mean_rank_index": 0.9975917621145377,
                "z_geometric_mean_rank": 70.44576943150533,
                "adjusted_inverse_harmonic_mean_rank": 0.21602108250328858,
                "count": 4982.0,
                "standard_deviation": 22239.706407305257,
                "inverse_arithmetic_mean_rank": 0.0001000890495206745,
                "geometric_mean_rank": 105.78465524811894,
                "adjusted_arithmetic_mean_rank_index": 0.8327711527434323,
                "median_absolute_deviation": 29.65204437011204,
                "z_inverse_harmonic_mean_rank": 4058.115543001269,
                "harmonic_mean_rank": 4.6274149671786855,
                "inverse_harmonic_mean_rank": 0.21610337674334307,
                "hits_at_1": 0.12786029706945,
                "hits_at_3": 0.24568446407065436,
                "hits_at_5": 0.31573665194700923,
                "hits_at_10": 0.416298675230831,
                "z_hits_at_k": 3170.342100540931,
                "adjusted_hits_at_k": 0.4162485461959932
            }
        },
        "tail": {
            "optimistic": {
                "adjusted_arithmetic_mean_rank": 0.11941490881891224,
                "inverse_geometric_mean_rank": 0.03737196075251799,
                "variance": 406246761.0718453,
                "arithmetic_mean_rank": 7352.130670413489,
                "median_rank": 3.0,
                "inverse_median_rank": 0.3333333333333333,
                "z_arithmetic_mean_rank": 107.65577746721955,
                "adjusted_geometric_mean_rank_index": 0.9994314507438716,
                "z_geometric_mean_rank": 70.57472703698156,
                "adjusted_inverse_harmonic_mean_rank": 0.4800859162459181,
                "count": 4982.0,
                "standard_deviation": 20155.564022667422,
                "inverse_arithmetic_mean_rank": 0.00013601499277266781,
                "geometric_mean_rank": 26.758028743049657,
                "adjusted_arithmetic_mean_rank_index": 0.8805993940683817,
                "median_absolute_deviation": 2.965204437011204,
                "z_inverse_harmonic_mean_rank": 9273.785533182445,
                "harmonic_mean_rank": 2.0827352267384844,
                "inverse_harmonic_mean_rank": 0.4801378433330563,
                "hits_at_1": 0.42171818546768364,
                "hits_at_3": 0.5176635889201124,
                "hits_at_5": 0.551184263348053,
                "hits_at_10": 0.5835006021678041,
                "z_hits_at_k": 4569.73400151811,
                "adjusted_hits_at_k": 0.5834667747755267
            },
            "realistic": {
                "adjusted_arithmetic_mean_rank": 0.11941492774960727,
                "inverse_geometric_mean_rank": 0.037371955811977386,
                "variance": 406246848.0,
                "arithmetic_mean_rank": 7352.1318359375,
                "median_rank": 3.0,
                "inverse_median_rank": 0.3333333432674408,
                "z_arithmetic_mean_rank": 107.65577515285071,
                "adjusted_geometric_mean_rank_index": 0.9994314506754012,
                "z_geometric_mean_rank": 70.57472703214651,
                "adjusted_inverse_harmonic_mean_rank": 0.4800859575338372,
                "count": 4982.0,
                "standard_deviation": 20155.56640625,
                "inverse_arithmetic_mean_rank": 0.0001360149763058871,
                "geometric_mean_rank": 26.758031845092773,
                "adjusted_arithmetic_mean_rank_index": 0.8805993751373792,