name,order,size,max_degree,mean_degree,diameter,girth,radius,average_path_length,clique_number,len_maximal_cliques,len_largest_cliques,motifs_randesu_no,num_farthest_points,mincut_value,len_feedback_arc_set,assortativity_degree,density,transitivity_undirected,reciprocity,min_diversity,max_diversity,mean_diversity,mean_authority_score,mean_hub_score,min_closeness,min_constraint,max_constraint,mean_constraint,max_coreness,mean_coreness,min_eccentricity,max_eccentricity,mean_eccentricity,max_strength,mean_strength,connected_components_strong,connected_components_weak
WN18RR,40559,73999,515,3.648955842106561,21,3,1,8.517563885881733,4,58400,13,1131655,3,0.0,33562,-0.07844270438836091,8.99688308621372e-05,0.006981855794509331,1.0,1.0,1.0,1.0,0.0006448850142159592,0.0006448850142098835,0.07003028157867731,0.0019492883400886092,1.2569444444444442,0.5661482305675852,6,2.149929731995365,1.0,21.0,14.959466456273576,515.0,3.648955842106561,122,122
WN18,40943,120963,906,5.9088488874777125,18,3,1,7.635397975078826,4,66600,41,1470123,3,0.0,80042,-0.08056739778054353,0.00014432242898436111,0.00892743039707896,1.0,1.0,1.0,1.0,0.0006468695559806199,0.0006468695559724852,0.08106870501386629,0.002051566939071862,1.0987654320987654,0.500112062370496,7,3.3763524900471387,1.0,18.0,13.41726302420438,906.0,5.9088488874777125,22,22
FB15k,14951,388529,7490,51.97364724767574,8,3,0,2.77383292345277,24,225009,14,82442959,3,0.0,373587,-0.1059341415973344,0.0034764981436572404,0.016993699632016336,1.0,1.0,1.0,1.0,0.01873852407250017,0.018738524072500415,0.1697242492441292,0.0,1.0,0.12473645734737623,64,27.131964417095848,0.0,8.0,5.911310280248813,7490.0,51.97364724767574,9,9
FB15k237,14505,231094,6035,31.864046880386073,8,3,0,2.8531563176130255,21,187830,146,62860073,3,0.0,216596,-0.0968727305730862,0.002196914429149619,0.015592121019608345,1.0,1.0,1.0,1.0,0.013301130252308353,0.013301130252308644,0.18723756120880114,0.0,1.0,0.13627800295719555,51,16.780144777662876,0.0,8.0,5.519820751465012,6035.0,31.864046880386073,7,7
YAGO310,123143,694011,58196,11.271627295095945,12,3,1,3.494854475398731,17,653517,2,1807088491,3,0.0,570895,-0.04961785900618745,9.153357339572156e-05,0.00026675354413639317,1.0,1.0,1.0,1.0,0.002058246282874739,0.0020582462829421954,0.13423569831488247,1.8539770501829904e-05,1.2569444444444442,0.23800625457692795,42,5.906645119901253,1.0,12.0,7.539868283215449,58196.0,11.271627295095945,27,27
