{
    "HP": {
        "training_loop": "SLCWATrainingLoop",
        "embedding_dim": 400,
        "random_seed": 1996,
        "model_kwargs": {
            "scoring_fct_norm": 1
        },
        "loss": "CrossEntropyLoss",
        "loss_kwargs": {
            "reduction": "mean"
        },
        "regularizer": "LpRegularizer",
        "regularizer_kwargs": {
            "weight": 0.0001,
            "p": 2.0,
            "dim": -1,
            "normalize": false
        },
        "optimizer": "Adam",
        "optimizer_kwargs": {
            "lr": 0.0001
        },
        "num_epochs": 4000,
        "batch_size": 4096,
        "negative_sampler": "basic",
        "negative_sampler_kwargs": {
            "corruption_scheme": [
                "head",
                "tail"
            ],
            "num_negs_per_pos": 30
        },
        "model": "TransE"
    },
    "dataset": "FB15k237",
    "model": "TransE",
    "results": {
        "head": {
            "optimistic": {
                "z_geometric_mean_rank": 142.45429447390933,
                "inverse_arithmetic_mean_rank": 0.0038019270066475125,
                "adjusted_inverse_harmonic_mean_rank": 0.20070968472752482,
                "geometric_mean_rank": 28.412548668343902,
                "arithmetic_mean_rank": 263.0245131617575,
                "count": 20438.0,
                "standard_deviation": 752.7226113365573,
                "adjusted_arithmetic_mean_rank_index": 0.9627575349774373,
                "median_absolute_deviation": 35.58245324413445,
                "adjusted_arithmetic_mean_rank": 0.03737928568811864,
                "z_inverse_harmonic_mean_rank": 2650.5308153645956,
                "z_arithmetic_mean_rank": 237.8359725921419,
                "harmonic_mean_rank": 4.96801158804469,
                "inverse_harmonic_mean_rank": 0.2012877752552868,
                "inverse_geometric_mean_rank": 0.035195716219367505,
                "variance": 566591.3296173259,
                "adjusted_geometric_mean_rank_index": 0.9946921514397031,
                "median_rank": 25.0,
                "inverse_median_rank": 0.04,
                "hits_at_1": 0.11199726000587142,
                "hits_at_3": 0.22756629807221843,
                "hits_at_5": 0.2886290243663764,
                "hits_at_10": 0.3859966728642724,
                "z_hits_at_k": 2061.126700516253,
                "adjusted_hits_at_k": 0.3855575557420878
            },
            "realistic": {
                "z_geometric_mean_rank": 142.4542898361814,
                "inverse_arithmetic_mean_rank": 0.0038019223138689995,
                "adjusted_inverse_harmonic_mean_rank": 0.20070901466712565,
                "geometric_mean_rank": 28.412715911865234,
                "arithmetic_mean_rank": 263.02484130859375,
                "count": 20438.0,
                "standard_deviation": 752.7232055664062,
                "adjusted_arithmetic_mean_rank_index": 0.9627574883367741,
                "median_absolute_deviation": 35.58245324413445,
                "adjusted_arithmetic_mean_rank": 0.03737933232215358,
                "z_inverse_harmonic_mean_rank": 2650.5219666847797,
                "z_arithmetic_mean_rank": 237.8359610702092,
                "harmonic_mean_rank": 4.968028113992524,
                "inverse_harmonic_mean_rank": 0.20128710567951202,
                "inverse_geometric_mean_rank": 0.03519551083445549,
                "variance": 566592.1875,
                "adjusted_geometric_mean_rank_index": 0.9946921190566038,
                "median_rank": 25.0,
                "inverse_median_rank": 0.03999999910593033,
                "hits_at_1": 0.11199726000587142,
                "hits_at_3": 0.22756629807221843,
                "hits_at_5": 0.2886290243663764,
                "hits_at_10": 0.3859966728642724,
                "z_hits_at_k": 2061.126700516253,
                "adjusted_hits_at_k": 0.3855575557420878
            },
            "pessimistic": {
                "z_geometric_mean_rank": 142.4542855018831,
                "inverse_arithmetic_mean_rank": 0.003801917105259976,
                "adjusted_inverse_harmonic_mean_rank": 0.20070842660742066,
                "geometric_mean_rank": 28.41287221325326,
                "arithmetic_mean_rank": 263.0251981602897,
                "count": 20438.0,
                "standard_deviation": 752.7236389296738,
                "adjusted_arithmetic_mean_rank_index": 0.9627574376161883,
                "median_absolute_deviation": 35.58245324413445,
                "adjusted_arithmetic_mean_rank": 0.03737938303553132,
                "z_inverse_harmonic_mean_rank": 2650.5142008892653,
                "z_arithmetic_mean_rank": 237.83594854038793,
                "harmonic_mean_rank": 4.96804261761745,
                "inverse_harmonic_mean_rank": 0.201286518045124,
                "inverse_geometric_mean_rank": 0.03519531543641503,
                "variance": 566592.87660353,
                "adjusted_geometric_mean_rank_index": 0.9946920887922126,
                "median_rank": 25.0,
                "inverse_median_rank": 0.04,
                "hits_at_1": 0.11199726000587142,
                "hits_at_3": 0.22756629807221843,
                "hits_at_5": 0.2886290243663764,
                "hits_at_10": 0.3859966728642724,
                "z_hits_at_k": 2061.126700516253,
                "adjusted_hits_at_k": 0.3855575557420878
            }
        },
        "tail": {
            "optimistic": {
                "z_geometric_mean_rank": 142.99162777747355,
                "inverse_arithmetic_mean_rank": 0.008394932316422982,
                "adjusted_inverse_harmonic_mean_rank": 0.38410019555264246,
                "geometric_mean_rank": 9.047752372904824,
                "arithmetic_mean_rank": 119.1194833153929,
                "count": 20438.0,
                "standard_deviation": 450.72607993118964,
                "adjusted_arithmetic_mean_rank_index": 0.9836709443594657,
                "median_absolute_deviation": 5.930408874022408,
                "adjusted_arithmetic_mean_rank": 0.016465021333409775,
                "z_inverse_harmonic_mean_rank": 5157.492114685295,
                "z_arithmetic_mean_rank": 243.55174826338603,
                "harmonic_mean_rank": 2.6005598892848623,
                "inverse_harmonic_mean_rank": 0.38453257858829537,
                "inverse_geometric_mean_rank": 0.11052468710291916,
                "variance": 203153.99913013718,
                "adjusted_geometric_mean_rank_index": 0.9984883306345768,
                "median_rank": 5.0,
                "inverse_median_rank": 0.2,
                "hits_at_1": 0.2742929836578922,
                "hits_at_3": 0.4328212153831099,
                "hits_at_5": 0.5078285546530972,
                "hits_at_10": 0.6078383403464136,
                "z_hits_at_k": 3302.6675582105977,
                "adjusted_hits_at_k": 0.6075670949923044
            },
            "realistic": {
                "z_geometric_mean_rank": 142.99162703331558,
                "inverse_arithmetic_mean_rank": 0.008394920267164707,
                "adjusted_inverse_harmonic_mean_rank": 0.38409982991871894,
                "geometric_mean_rank": 9.04778003692627,
                "arithmetic_mean_rank": 119.1196517944336,
                "count": 20438.0,
                "standard_deviation": 450.7270812988281,
                "adjusted_arithmetic_mean_rank_index": 0.9836709210686118,
                "median_absolute_deviation": 5.930408874022408,
                "adjusted_arithmetic_mean_rank": 0.016465044621044356,
                "z_inverse_harmonic_mean_rank": 5157.487205148411,
                "z_arithmetic_mean_rank": 243.5517424966932,
                "harmonic_mean_rank": 2.6005623603012067,
                "inverse_harmonic_mean_rank": 0.38453221321105957,
                "inverse_geometric_mean_rank": 0.11052434891462326,