{
    "HP": {
        "training_loop": "SLCWATrainingLoop",
        "embedding_dim": 150,
        "random_seed": 1996,
        "model_kwargs": {
            "scoring_fct_norm": 1
        },
        "loss": "CrossEntropyLoss",
        "loss_kwargs": {
            "reduction": "mean"
        },
        "regularizer": "LpRegularizer",
        "regularizer_kwargs": {
            "weight": 0.0001,
            "p": 3.0,
            "dim": -1,
            "normalize": false
        },
        "optimizer": "Adam",
        "optimizer_kwargs": {
            "lr": 5e-05
        },
        "num_epochs": 4000,
        "batch_size": 4096,
        "negative_sampler": "basic",
        "negative_sampler_kwargs": {
            "corruption_scheme": [
                "head",
                "tail"
            ],
            "num_negs_per_pos": 10
        },
        "model": "TransE"
    },
    "dataset": "FB15k",
    "model": "TransE",
    "results": {
        "head": {
            "optimistic": {
                "arithmetic_mean_rank": 49.949416803507646,
                "count": 59071.0,
                "standard_deviation": 274.4182694666627,
                "adjusted_arithmetic_mean_rank_index": 0.993354454947671,
                "median_absolute_deviation": 1.482602218505602,
                "adjusted_arithmetic_mean_rank": 0.0067803880414622425,
                "z_inverse_harmonic_mean_rank": 12337.222715307524,
                "z_arithmetic_mean_rank": 417.7436969993744,
                "harmonic_mean_rank": 1.863805020986041,
                "inverse_harmonic_mean_rank": 0.5365368097736708,
                "inverse_geometric_mean_rank": 0.24894205323440052,
                "variance": 75305.38661707791,
                "adjusted_geometric_mean_rank_index": 0.9994428428407062,
                "median_rank": 2.0,
                "inverse_median_rank": 0.5,
                "z_geometric_mean_rank": 243.3145038762378,
                "inverse_arithmetic_mean_rank": 0.02002025376860408,
                "adjusted_inverse_harmonic_mean_rank": 0.5362158527323746,
                "geometric_mean_rank": 4.016999084756537,
                "hits_at_1": 0.40476714462257285,
                "hits_at_3": 0.6233346312065142,
                "hits_at_5": 0.6883580775676728,
                "hits_at_10": 0.7643683025511673,
                "z_hits_at_k": 7118.268404475905,
                "adjusted_hits_at_k": 0.7642078734276453
            },
            "realistic": {
                "arithmetic_mean_rank": 49.9494743347168,
                "count": 59071.0,
                "standard_deviation": 274.4188232421875,
                "adjusted_arithmetic_mean_rank_index": 0.9933544471370317,
                "median_absolute_deviation": 1.482602218505602,
                "adjusted_arithmetic_mean_rank": 0.006780395851041362,
                "z_inverse_harmonic_mean_rank": 12337.22278457754,
                "z_arithmetic_mean_rank": 417.74369371470056,
                "harmonic_mean_rank": 1.8638050105348007,
                "inverse_harmonic_mean_rank": 0.5365368127822876,
                "inverse_geometric_mean_rank": 0.24894198775291443,
                "variance": 75305.6875,
                "adjusted_geometric_mean_rank_index": 0.9994428426350532,
                "median_rank": 2.0,
                "inverse_median_rank": 0.5,
                "z_geometric_mean_rank": 243.3145038261716,
                "inverse_arithmetic_mean_rank": 0.02002023160457611,
                "adjusted_inverse_harmonic_mean_rank": 0.536215855743075,
                "geometric_mean_rank": 4.017000198364258,
                "hits_at_1": 0.40476714462257285,
                "hits_at_3": 0.6233346312065142,
                "hits_at_5": 0.6883580775676728,
                "hits_at_10": 0.7643683025511673,
                "z_hits_at_k": 7118.268404475905,
                "adjusted_hits_at_k": 0.7642078734276453
            },
            "pessimistic": {
                "arithmetic_mean_rank": 49.94953530497198,
                "count": 59071.0,
                "standard_deviation": 274.4193621034203,
                "adjusted_arithmetic_mean_rank_index": 0.9933544388594954,
                "median_absolute_deviation": 1.482602218505602,
                "adjusted_arithmetic_mean_rank": 0.006780404127454094,
                "z_inverse_harmonic_mean_rank": 12337.22255882619,
                "z_arithmetic_mean_rank": 417.74369023367865,
                "harmonic_mean_rank": 1.8638050445954486,
                "inverse_harmonic_mean_rank": 0.5365368029771894,
                "inverse_geometric_mean_rank": 0.2489419117140232,
                "variance": 75305.98629724812,
                "adjusted_geometric_mean_rank_index": 0.9994428424189852,
                "median_rank": 2.0,
                "inverse_median_rank": 0.5,
                "z_geometric_mean_rank": 243.31450377356978,
                "inverse_arithmetic_mean_rank": 0.02002020627207837,
                "adjusted_inverse_harmonic_mean_rank": 0.5362158459311865,
                "geometric_mean_rank": 4.017001368370503,
                "hits_at_1": 0.40476714462257285,
                "hits_at_3": 0.6233346312065142,
                "hits_at_5": 0.6883580775676728,
                "hits_at_10": 0.7643683025511673,
                "z_hits_at_k": 7118.268404475905,
                "adjusted_hits_at_k": 0.7642078734276453
            }
        },
        "tail": {
            "optimistic": {
                "arithmetic_mean_rank": 31.148820910429823,
                "count": 59071.0,
                "standard_deviation": 235.97036978676115,
                "adjusted_arithmetic_mean_rank_index": 0.9959291114213465,
                "median_absolute_deviation": 1.482602218505602,
                "adjusted_arithmetic_mean_rank": 0.004205347206099671,
                "z_inverse_harmonic_mean_rank": 13575.355385688983,
                "z_arithmetic_mean_rank": 418.9502737682999,
                "harmonic_mean_rank": 1.699205300207933,
                "inverse_harmonic_mean_rank": 0.5885104053510363,
                "inverse_geometric_mean_rank": 0.3211675660296867,
                "variance": 55682.015417300805,
                "adjusted_geometric_mean_rank_index": 0.9996119143520875,
                "median_rank": 2.0,
                "inverse_median_rank": 0.5,
                "z_geometric_mean_rank": 243.35376767352886,
                "inverse_arithmetic_mean_rank": 0.032103943930190997,
                "adjusted_inverse_harmonic_mean_rank": 0.5882270033393374,
                "geometric_mean_rank": 3.1136394386336206,
                "hits_at_1": 0.45814358991721826,
                "hits_at_3": 0.6764063584500009,
                "hits_at_5": 0.739296778453048,
                "hits_at_10": 0.8130724043947114,
                "z_hits_at_k": 7595.516714772078,
                "adjusted_hits_at_k": 0.812945914148404
            },
            "realistic": {
                "arithmetic_mean_rank": 31.148845672607422,
                "count": 59071.0,
                "standard_deviation": 235.97067260742188,
                "adjusted_arithmetic_mean_rank_index": 0.9959291080777973,
                "median_absolute_deviation": 1.482602218505602,
                "adjusted_arithmetic_mean_rank": 0.004205350549197462,
                "z_inverse_harmonic_mean_rank": 13575.355125770178,
                "z_arithmetic_mean_rank": 418.95027236179334,
                "harmonic_mean_rank": 1.6992053327035035,
                "inverse_harmonic_mean_rank": 0.5885103940963745,
                "inverse_geometric_mean_rank": 0.32116758823394775,
                "variance": 55682.16015625,
                "adjusted_geometric_mean_rank_index": 0.9996119143674975,
                "median_rank": 2.0,
                "inverse_median_rank": 0.5,
                "z_geometric_mean_rank": 243.35376767728042,
                "inverse_arithmetic_mean_rank": 0.03210391849279404,