{
    "HP": {
        "training_loop": "SLCWATrainingLoop",
        "embedding_dim": 350,
        "random_seed": 1996,
        "model_kwargs": {
            "scoring_fct_norm": 1
        },
        "loss": "CrossEntropyLoss",
        "loss_kwargs": {
            "reduction": "mean"
        },
        "regularizer": "LpRegularizer",
        "regularizer_kwargs": {
            "weight": 0.0001,
            "p": 2.0,
            "dim": -1,
            "normalize": false
        },
        "optimizer": "Adam",
        "optimizer_kwargs": {
            "lr": 0.0001
        },
        "num_epochs": 4000,
        "batch_size": 512,
        "negative_sampler": "basic",
        "negative_sampler_kwargs": {
            "corruption_scheme": [
                "head",
                "tail"
            ],
            "num_negs_per_pos": 30
        },
        "model": "TransE"
    },
    "dataset": "WN18RR",
    "model": "TransE",
    "results": {
        "head": {
            "optimistic": {
                "arithmetic_mean_rank": 3667.30950752394,
                "count": 2924.0,
                "standard_deviation": 8869.540844583782,
                "adjusted_arithmetic_mean_rank_index": 0.8190999959492653,
                "median_absolute_deviation": 24.46293660534243,
                "adjusted_arithmetic_mean_rank": 0.18094041740959163,
                "z_inverse_harmonic_mean_rank": 1082.8624647642805,
                "z_arithmetic_mean_rank": 76.71403171510782,
                "harmonic_mean_rank": 7.829388259929521,
                "inverse_harmonic_mean_rank": 0.12772389959480715,
                "inverse_geometric_mean_rank": 0.015268502556636542,
                "variance": 78668754.79373997,
                "adjusted_geometric_mean_rank_index": 0.9956761200354691,
                "median_rank": 18.5,
                "inverse_median_rank": 0.05405405405405406,
                "z_geometric_mean_rank": 53.89373443299855,
                "inverse_arithmetic_mean_rank": 0.0002726794664994531,
                "adjusted_inverse_harmonic_mean_rank": 0.12748309578219588,
                "geometric_mean_rank": 65.4943074011763,
                "hits_at_1": 0.008549931600547196,
                "hits_at_3": 0.16073871409028728,
                "hits_at_5": 0.28522571819425446,
                "hits_at_10": 0.4059507523939809,
                "z_hits_at_k": 1396.9038563282136,
                "adjusted_hits_at_k": 0.4058041639333419
            },
            "realistic": {
                "arithmetic_mean_rank": 3667.31201171875,
                "count": 2924.0,
                "standard_deviation": 8869.5458984375,
                "adjusted_arithmetic_mean_rank_index": 0.8190998723893611,
                "median_absolute_deviation": 24.46293660534243,
                "adjusted_arithmetic_mean_rank": 0.18094054096339948,
                "z_inverse_harmonic_mean_rank": 1082.8624891416669,
                "z_arithmetic_mean_rank": 76.71402014292073,
                "harmonic_mean_rank": 7.829388084055288,
                "inverse_harmonic_mean_rank": 0.12772390246391296,
                "inverse_geometric_mean_rank": 0.015268499031662941,
                "variance": 78668840.0,
                "adjusted_geometric_mean_rank_index": 0.9956761189407073,
                "median_rank": 18.5,
                "inverse_median_rank": 0.054054055362939835,
                "z_geometric_mean_rank": 53.89373437374153,
                "inverse_arithmetic_mean_rank": 0.0002726792881730944,
                "adjusted_inverse_harmonic_mean_rank": 0.12748309865209376,
                "geometric_mean_rank": 65.49432373046875,
                "hits_at_1": 0.008549931600547196,
                "hits_at_3": 0.16073871409028728,
                "hits_at_5": 0.28522571819425446,
                "hits_at_10": 0.4059507523939809,
                "z_hits_at_k": 1396.9038563282136,
                "adjusted_hits_at_k": 0.4058041639333419
            },
            "pessimistic": {
                "arithmetic_mean_rank": 3667.3146374829003,
                "count": 2924.0,
                "standard_deviation": 8869.550749355602,
                "adjusted_arithmetic_mean_rank_index": 0.8190997428310834,
                "median_absolute_deviation": 24.46293660534243,
                "adjusted_arithmetic_mean_rank": 0.18094067051528498,
                "z_inverse_harmonic_mean_rank": 1082.8624644143263,
                "z_arithmetic_mean_rank": 76.714008008947,
                "harmonic_mean_rank": 7.829388262454318,
                "inverse_harmonic_mean_rank": 0.12772389955361915,
                "inverse_geometric_mean_rank": 0.01526849695546766,
                "variance": 78668930.4953945,
                "adjusted_geometric_mean_rank_index": 0.9956761184246818,
                "median_rank": 18.5,
                "inverse_median_rank": 0.05405405405405406,
                "z_geometric_mean_rank": 53.893734345810216,
                "inverse_arithmetic_mean_rank": 0.000272679085066549,
                "adjusted_inverse_harmonic_mean_rank": 0.1274830957409965,
                "geometric_mean_rank": 65.49433142742313,
                "hits_at_1": 0.008549931600547196,
                "hits_at_3": 0.16073871409028728,
                "hits_at_5": 0.28522571819425446,
                "hits_at_10": 0.4059507523939809,
                "z_hits_at_k": 1396.9038563282136,
                "adjusted_hits_at_k": 0.4058041639333419
            }
        },
        "tail": {
            "optimistic": {
                "arithmetic_mean_rank": 1579.5027359781122,
                "count": 2924.0,
                "standard_deviation": 5305.266841375696,
                "adjusted_arithmetic_mean_rank_index": 0.9221493788275258,
                "median_absolute_deviation": 14.82602218505602,
                "adjusted_arithmetic_mean_rank": 0.07789609867458269,
                "z_inverse_harmonic_mean_rank": 1285.9781154758768,
                "z_arithmetic_mean_rank": 86.36537915535813,
                "harmonic_mean_rank": 6.59648630679285,
                "inverse_harmonic_mean_rank": 0.15159585777813744,
                "inverse_geometric_mean_rank": 0.030881788142959637,
                "variance": 28145856.25820045,
                "adjusted_geometric_mean_rank_index": 0.9978970286674083,
                "median_rank": 12.0,
                "inverse_median_rank": 0.08333333333333333,
                "z_geometric_mean_rank": 54.01393290105628,
                "inverse_arithmetic_mean_rank": 0.0006331106475613331,
                "adjusted_inverse_harmonic_mean_rank": 0.15136173927632487,
                "geometric_mean_rank": 32.3815445974419,
                "hits_at_1": 0.015047879616963064,
                "hits_at_3": 0.1908344733242134,
                "hits_at_5": 0.3228454172366621,
                "hits_at_10": 0.4805061559507524,
                "z_hits_at_k": 1653.9791991018635,
                "adjusted_hits_at_k": 0.4803780220798318
            },
            "realistic": {
                "arithmetic_mean_rank": 1579.5054931640625,
                "count": 2924.0,
                "standard_deviation": 5305.27392578125,
                "adjusted_arithmetic_mean_rank_index": 0.922149242845095,
                "median_absolute_deviation": 14.82602218505602,
                "adjusted_arithmetic_mean_rank": 0.07789623465030716,
                "z_inverse_harmonic_mean_rank": 1285.978140474296,
                "z_arithmetic_mean_rank": 86.36536641970548,
                "harmonic_mean_rank": 6.596486178795619,
                "inverse_harmonic_mean_rank": 0.1515958607196808,
                "inverse_geometric_mean_rank": 0.03088175691664219,
                "variance": 28145932.0,
                "adjusted_geometric_mean_rank_index": 0.99789702652697,
                "median_rank": 12.0,
                "inverse_median_rank": 0.0833333358168602,