{
    "HP": {
        "training_loop": "SLCWATrainingLoop",
        "embedding_dim": 350,
        "random_seed": 1996,
        "model_kwargs": {
            "scoring_fct_norm": 1
        },
        "loss": "CrossEntropyLoss",
        "loss_kwargs": {
            "reduction": "mean"
        },
        "regularizer": "LpRegularizer",
        "regularizer_kwargs": {
            "weight": 0.0001,
            "p": 2.0,
            "dim": -1,
            "normalize": false
        },
        "optimizer": "Adam",
        "optimizer_kwargs": {
            "lr": 0.0001
        },
        "num_epochs": 4000,
        "batch_size": 8192,
        "negative_sampler": "basic",
        "negative_sampler_kwargs": {
            "corruption_scheme": [
                "head",
                "tail"
            ],
            "num_negs_per_pos": 30
        },
        "model": "TransE"
    },
    "dataset": "YAGO310",
    "model": "TransE",
    "results": {
        "head": {
            "optimistic": {
                "arithmetic_mean_rank": 1730.4154957848255,
                "count": 4982.0,
                "standard_deviation": 7959.721680310536,
                "adjusted_arithmetic_mean_rank_index": 0.9710505326485502,
                "median_absolute_deviation": 10.378215529539213,
                "adjusted_arithmetic_mean_rank": 0.028965721932953523,
                "z_inverse_harmonic_mean_rank": 5980.055066972695,
                "z_arithmetic_mean_rank": 117.901767132968,
                "harmonic_mean_rank": 3.1406929240313604,
                "inverse_harmonic_mean_rank": 0.3184010739631338,
                "inverse_geometric_mean_rank": 0.04996202262360025,
                "variance": 63357169.22800557,
                "adjusted_geometric_mean_rank_index": 0.9995629786542125,
                "median_rank": 8.0,
                "inverse_median_rank": 0.125,
                "z_geometric_mean_rank": 70.5849685218819,
                "inverse_arithmetic_mean_rank": 0.0005778958882626352,
                "adjusted_inverse_harmonic_mean_rank": 0.31832951903614976,
                "geometric_mean_rank": 20.015202497579356,
                "hits_at_1": 0.20634283420313126,
                "hits_at_3": 0.37314331593737454,
                "hits_at_5": 0.4498193496587716,
                "hits_at_10": 0.5401445202729828,
                "z_hits_at_k": 4113.6905398308545,
                "adjusted_hits_at_k": 0.5401050272816439
            },
            "realistic": {
                "arithmetic_mean_rank": 1730.4178466796875,
                "count": 4982.0,
                "standard_deviation": 7959.73095703125,
                "adjusted_arithmetic_mean_rank_index": 0.971050493295859,
                "median_absolute_deviation": 10.378215529539213,
                "adjusted_arithmetic_mean_rank": 0.028965761284986045,
                "z_inverse_harmonic_mean_rank": 5980.051603870692,
                "z_arithmetic_mean_rank": 117.90176235489345,
                "harmonic_mean_rank": 3.1406947422354357,
                "inverse_harmonic_mean_rank": 0.31840088963508606,
                "inverse_geometric_mean_rank": 0.049961790442466736,
                "variance": 63357316.0,
                "adjusted_geometric_mean_rank_index": 0.9995629765275946,
                "median_rank": 8.0,
                "inverse_median_rank": 0.125,
                "z_geometric_mean_rank": 70.58496837170901,
                "inverse_arithmetic_mean_rank": 0.0005778950871899724,
                "adjusted_inverse_harmonic_mean_rank": 0.3183293346887511,
                "geometric_mean_rank": 20.015295028686523,
                "hits_at_1": 0.20634283420313126,
                "hits_at_3": 0.37314331593737454,
                "hits_at_5": 0.4498193496587716,
                "hits_at_10": 0.5401445202729828,
                "z_hits_at_k": 4113.6905398308545,
                "adjusted_hits_at_k": 0.5401050272816439
            },
            "pessimistic": {
                "arithmetic_mean_rank": 1730.4203131272582,
                "count": 4982.0,
                "standard_deviation": 7959.739947566834,
                "adjusted_arithmetic_mean_rank_index": 0.9710504520088787,
                "median_absolute_deviation": 10.378215529539213,
                "adjusted_arithmetic_mean_rank": 0.02896580257127519,
                "z_inverse_harmonic_mean_rank": 5980.048225530389,
                "z_arithmetic_mean_rank": 117.90175734196387,
                "harmonic_mean_rank": 3.140696515939798,
                "inverse_harmonic_mean_rank": 0.31840070981858865,
                "inverse_geometric_mean_rank": 0.04996155794934369,
                "variance": 63357460.03289127,
                "adjusted_geometric_mean_rank_index": 0.999562974375882,
                "median_rank": 8.0,
                "inverse_median_rank": 0.125,
                "z_geometric_mean_rank": 70.58496821976405,
                "inverse_arithmetic_mean_rank": 0.000577894279449815,
                "adjusted_inverse_harmonic_mean_rank": 0.3183291548533764,
                "geometric_mean_rank": 20.01538865168908,
                "hits_at_1": 0.20634283420313126,
                "hits_at_3": 0.37314331593737454,
                "hits_at_5": 0.4498193496587716,
                "hits_at_10": 0.5401445202729828,
                "z_hits_at_k": 4113.6905398308545,
                "adjusted_hits_at_k": 0.5401050272816439
            }
        },
        "tail": {
            "optimistic": {
                "arithmetic_mean_rank": 274.2440786832597,
                "count": 4982.0,
                "standard_deviation": 2700.917116836304,
                "adjusted_arithmetic_mean_rank_index": 0.995561838032166,
                "median_absolute_deviation": 1.482602218505602,
                "adjusted_arithmetic_mean_rank": 0.004454332100200041,
                "z_inverse_harmonic_mean_rank": 11183.91790437341,
                "z_arithmetic_mean_rank": 121.71026281869571,
                "harmonic_mean_rank": 1.7270804573780578,
                "inverse_harmonic_mean_rank": 0.5790118206294428,
                "inverse_geometric_mean_rank": 0.23661500808150215,
                "variance": 7294953.272019333,
                "adjusted_geometric_mean_rank_index": 0.999928787406619,
                "median_rank": 2.0,
                "inverse_median_rank": 0.5,
                "z_geometric_mean_rank": 70.60984640329,
                "inverse_arithmetic_mean_rank": 0.0036463868419742895,
                "adjusted_inverse_harmonic_mean_rank": 0.5789697696942208,
                "geometric_mean_rank": 4.226274605774582,
                "hits_at_1": 0.4616619831393015,
                "hits_at_3": 0.6665997591328784,
                "hits_at_5": 0.7270172621437174,
                "hits_at_10": 0.7761942994781212,
                "z_hits_at_k": 6079.0409510986665,
                "adjusted_hits_at_k": 0.7761761223492589
            },
            "realistic": {
                "arithmetic_mean_rank": 274.2444763183594,
                "count": 4982.0,
                "standard_deviation": 2700.92236328125,
                "adjusted_arithmetic_mean_rank_index": 0.9955618315735851,
                "median_absolute_deviation": 1.482602218505602,
                "adjusted_arithmetic_mean_rank": 0.004454338558675998,
                "z_inverse_harmonic_mean_rank": 11183.917465362503,
                "z_arithmetic_mean_rank": 121.71026202911585,
                "harmonic_mean_rank": 1.72708052516078,
                "inverse_harmonic_mean_rank": 0.5790117979049683,
                "inverse_geometric_mean_rank": 0.23661495745182037,
                "variance": 7294982.0,
                "adjusted_geometric_mean_rank_index": 0.9999287873881163,
                "median_rank": 2.0,
                "inverse_median_rank": 0.5,
                "z_geometric_mean_rank": 70.60984640198346,
                "inverse_arithmetic_mean_rank": 0.003646381665021181,